Total Accesses:,7086622
Frames,Missees,Miss Rate
1,4683848,0.660942
2,4394631,0.620131
3,4241057,0.598460
4,4132968,0.583207
5,4054124,0.572081
6,3971934,0.560483
7,3837519,0.541516
8,3623384,0.511299
9,3394325,0.478976
10,3191157,0.450307
11,3032253,0.427884
12,2924551,0.412686
13,2832445,0.399689
14,2737830,0.386338
15,2642349,0.372864
16,2552119,0.360132
17,2469757,0.348510
18,2391412,0.337454
19,2315283,0.326712
20,2239430,0.316008
21,2165604,0.305590
22,2096116,0.295785
23,2032999,0.286878
24,1977586,0.279059
25,1930475,0.272411
26,1890627,0.266788
27,1856798,0.262015
28,1828575,0.258032
29,1804383,0.254618
30,1783329,0.251647
31,1765110,0.249076
32,1749232,0.246836
33,1734684,0.244783
34,1721689,0.242949
35,1709601,0.241243
36,1698313,0.239651
37,1687757,0.238161
38,1677729,0.236746
39,1668127,0.235391
40,1658724,0.234064
41,1649722,0.232794
42,1641078,0.231574
43,1632911,0.230422
44,1624845,0.229283
45,1617064,0.228185
46,1609196,0.227075
47,1601748,0.226024
48,1594285,0.224971
49,1587092,0.223956
50,1580044,0.222962
51,1573097,0.221981
52,1566270,0.221018
53,1559689,0.220089
54,1553097,0.219159
55,1546743,0.218262
56,1540532,0.217386
57,1534498,0.216534
58,1528497,0.215688
59,1522641,0.214861
60,1516728,0.214027
61,1511047,0.213225
62,1505454,0.212436
63,1499799,0.211638
64,1494274,0.210858
65,1488910,0.210102
66,1483619,0.209355
67,1478435,0.208623
68,1473326,0.207902
69,1468292,0.207192
70,1463251,0.206481
71,1458379,0.205793
72,1453426,0.205094
73,1448567,0.204409
74,1443884,0.203748
75,1439064,0.203068
76,1434422,0.202413
77,1429922,0.201778
78,1425505,0.201154
79,1421065,0.200528
80,1416702,0.199912
81,1412572,0.199329
82,1408402,0.198741
83,1404339,0.198168
84,1400346,0.197604
85,1396396,0.197047
86,1392545,0.196503
87,1388665,0.195956
88,1385041,0.195444
89,1381446,0.194937
90,1377871,0.194433
91,1374400,0.193943
92,1370808,0.193436
93,1367472,0.192965
94,1364105,0.192490
95,1360741,0.192015
96,1357440,0.191550
97,1354250,0.191100
98,1351211,0.190671
99,1348118,0.190234
100,1345015,0.189796
101,1342018,0.189373
102,1339033,0.188952
103,1336007,0.188525
104,1332981,0.188098
105,1330097,0.187691
106,1327094,0.187268
107,1324279,0.186870
108,1321415,0.186466
109,1318623,0.186072
110,1315814,0.185676
111,1313181,0.185304
112,1310421,0.184915
113,1307698,0.184531
114,1304920,0.184139
115,1302211,0.183756
116,1299540,0.183379
117,1296848,0.182999
118,1294208,0.182627
119,1291631,0.182263
120,1288998,0.181892
121,1286443,0.181531
122,1283975,0.181183
123,1281492,0.180833
124,1279043,0.180487
125,1276609,0.180144
126,1274154,0.179797
127,1271737,0.179456
128,1269299,0.179112
129,1266926,0.178777
130,1264505,0.178436
131,1262174,0.178107
132,1259739,0.177763
133,1257334,0.177424
134,1255069,0.177104
135,1252773,0.176780
136,1250536,0.176464
137,1248257,0.176143
138,1245909,0.175811
139,1243712,0.175501
140,1241460,0.175184
141,1239275,0.174875
142,1237056,0.174562
143,1234847,0.174250
144,1232641,0.173939
145,1230421,0.173626
146,1228301,0.173327
147,1226137,0.173021
148,1224126,0.172738
149,1222050,0.172445
150,1219938,0.172147
151,1217846,0.171851
152,1215776,0.171559
153,1213700,0.171266
154,1211613,0.170972
155,1209555,0.170681
156,1207544,0.170398
157,1205574,0.170120
158,1203552,0.169834
159,1201563,0.169554
160,1199641,0.169282
161,1197749,0.169016
162,1195784,0.168738
163,1193791,0.168457
164,1191879,0.168187
165,1189961,0.167917
166,1188117,0.167656
167,1186299,0.167400
168,1184482,0.167143
169,1182645,0.166884
170,1180789,0.166622
171,1178946,0.166362
172,1177150,0.166109
173,1175404,0.165862
174,1173560,0.165602
175,1171677,0.165336
176,1169906,0.165087
177,1168133,0.164836
178,1166423,0.164595
179,1164639,0.164343
180,1162869,0.164094
181,1161129,0.163848
182,1159374,0.163600
183,1157607,0.163351
184,1155870,0.163106
185,1154118,0.162859
186,1152399,0.162616
187,1150798,0.162390
188,1149051,0.162144
189,1147405,0.161911
190,1145755,0.161679
191,1144156,0.161453
192,1142475,0.161216
193,1140821,0.160982
194,1139218,0.160756
195,1137503,0.160514
196,1135924,0.160291
197,1134316,0.160064
198,1132749,0.159843
199,1131202,0.159625
200,1129739,0.159419
201,1128189,0.159200
202,1126646,0.158982
203,1125141,0.158770
204,1123609,0.158554
205,1122157,0.158349
206,1120563,0.158124
207,1119077,0.157914
208,1117564,0.157701
209,1116062,0.157489
210,1114512,0.157270
211,1113018,0.157059
212,1111487,0.156843
213,1110072,0.156643
214,1108495,0.156421
215,1107080,0.156221
216,1105626,0.156016
217,1104142,0.155807
218,1102689,0.155601
219,1101292,0.155404
220,1099904,0.155209
221,1098481,0.155008
222,1097099,0.154813
223,1095654,0.154609
224,1094262,0.154412
225,1092914,0.154222
226,1091481,0.154020
227,1090101,0.153825
228,1088732,0.153632
229,1087355,0.153438
230,1085969,0.153242
231,1084553,0.153042
232,1083201,0.152852
233,1081932,0.152672
234,1080650,0.152492
235,1079371,0.152311
236,1078087,0.152130
237,1076789,0.151947
238,1075441,0.151757
239,1074070,0.151563
240,1072715,0.151372
241,1071414,0.151188
242,1070132,0.151007
243,1068852,0.150827
244,1067577,0.150647
245,1066300,0.150467
246,1065029,0.150287
247,1063789,0.150112
248,1062460,0.149925
249,1061215,0.149749
250,1059871,0.149559
251,1058631,0.149384
252,1057401,0.149211
253,1056121,0.149030
254,1054865,0.148853
255,1053594,0.148674
256,1052399,0.148505
257,1051180,0.148333
258,1049949,0.148159
259,1048689,0.147982
260,1047428,0.147804
261,1046235,0.147635
262,1045038,0.147466
263,1043801,0.147292
264,1042674,0.147133
265,1041473,0.146963
266,1040351,0.146805
267,1039105,0.146629
268,1037949,0.146466
269,1036769,0.146299
270,1035640,0.146140
271,1034432,0.145970
272,1033307,0.145811
273,1032158,0.145649
274,1030983,0.145483
275,1029846,0.145323
276,1028656,0.145155
277,1027561,0.145000
278,1026402,0.144837
279,1025276,0.144678
280,1024096,0.144511
281,1022886,0.144340
282,1021731,0.144177
283,1020575,0.144014
284,1019451,0.143856
285,1018265,0.143688
286,1017098,0.143524
287,1015944,0.143361
288,1014798,0.143199
289,1013670,0.143040
290,1012553,0.142882
291,1011376,0.142716
292,1010262,0.142559
293,1009152,0.142402
294,1008040,0.142245
295,1006923,0.142088
296,1005825,0.141933
297,1004713,0.141776
298,1003577,0.141616
299,1002409,0.141451
300,1001295,0.141294
301,1000196,0.141139
302,999105,0.140985
303,997948,0.140821
304,996816,0.140662
305,995752,0.140512
306,994684,0.140361
307,993549,0.140201
308,992428,0.140042
309,991320,0.139886
310,990273,0.139738
311,989267,0.139596
312,988221,0.139449
313,987117,0.139293
314,986046,0.139142
315,984965,0.138989
316,983895,0.138838
317,982843,0.138690
318,981878,0.138554
319,980808,0.138403
320,979713,0.138248
321,978646,0.138098
322,977602,0.137950
323,976552,0.137802
324,975469,0.137649
325,974442,0.137504
326,973416,0.137360
327,972386,0.137214
328,971362,0.137070
329,970432,0.136939
330,969388,0.136791
331,968367,0.136647
332,967343,0.136503
333,966381,0.136367
334,965371,0.136224
335,964375,0.136084
336,963436,0.135951
337,962468,0.135815
338,961520,0.135681
339,960532,0.135542
340,959594,0.135409
341,958648,0.135276
342,957709,0.135143
343,956732,0.135005
344,955810,0.134875
345,954905,0.134748
346,953896,0.134605
347,952978,0.134476
348,952015,0.134340
349,951040,0.134202
350,950059,0.134064
351,949114,0.133930
352,948154,0.133795
353,947213,0.133662
354,946260,0.133528
355,945345,0.133399
356,944394,0.133264
357,943438,0.133129
358,942503,0.132997
359,941602,0.132870
360,940666,0.132738
361,939733,0.132607
362,938870,0.132485
363,937970,0.132358
364,937056,0.132229
365,936138,0.132099
366,935179,0.131964
367,934268,0.131835
368,933403,0.131713
369,932515,0.131588
370,931652,0.131466
371,930781,0.131343
372,929906,0.131220
373,929028,0.131096
374,928129,0.130969
375,927223,0.130841
376,926407,0.130726
377,925460,0.130593
378,924555,0.130465
379,923651,0.130337
380,922819,0.130220
381,921969,0.130100
382,921070,0.129973
383,920234,0.129855
384,919407,0.129738
385,918522,0.129614
386,917667,0.129493
387,916797,0.129370
388,915934,0.129248
389,915115,0.129133
390,914244,0.129010
391,913402,0.128891
392,912490,0.128762
393,911648,0.128644
394,910757,0.128518
395,909852,0.128390
396,908975,0.128266
397,908179,0.128154
398,907285,0.128028
399,906395,0.127902
400,905471,0.127772
401,904597,0.127649
402,903689,0.127520
403,902841,0.127401
404,901941,0.127274
405,901088,0.127153
406,900270,0.127038
407,899421,0.126918
408,898600,0.126802
409,897738,0.126681
410,896862,0.126557
411,896018,0.126438
412,895219,0.126325
413,894371,0.126206
414,893504,0.126083
415,892651,0.125963
416,891790,0.125841
417,890935,0.125721
418,890085,0.125601
419,889225,0.125479
420,888356,0.125357
421,887521,0.125239
422,886668,0.125119
423,885885,0.125008
424,885085,0.124895
425,884321,0.124787
426,883527,0.124675
427,882700,0.124559
428,881907,0.124447
429,881083,0.124330
430,880243,0.124212
431,879454,0.124101
432,878655,0.123988
433,877846,0.123874
434,877036,0.123759
435,876199,0.123641
436,875416,0.123531
437,874606,0.123416
438,873790,0.123301
439,872978,0.123187
440,872165,0.123072
441,871409,0.122965
442,870670,0.122861
443,869963,0.122761
444,869243,0.122660
445,868468,0.122550
446,867651,0.122435
447,866886,0.122327
448,866092,0.122215
449,865335,0.122108
450,864521,0.121993
451,863796,0.121891
452,862980,0.121776
453,862211,0.121667
454,861361,0.121547
455,860562,0.121435
456,859839,0.121333
457,859076,0.121225
458,858353,0.121123
459,857540,0.121008
460,856785,0.120902
461,856049,0.120798
462,855282,0.120690
463,854524,0.120583
464,853762,0.120475
465,853060,0.120376
466,852325,0.120272
467,851532,0.120160
468,850740,0.120049
469,849995,0.119944
470,849237,0.119837
471,848480,0.119730
472,847746,0.119626
473,847025,0.119525
474,846306,0.119423
475,845607,0.119324
476,844863,0.119219
477,844180,0.119123
478,843464,0.119022
479,842730,0.118918
480,842020,0.118818
481,841291,0.118715
482,840540,0.118609
483,839846,0.118511
484,839019,0.118395
485,838306,0.118294
486,837559,0.118189
487,836838,0.118087
488,836073,0.117979
489,835316,0.117872
490,834538,0.117762
491,833838,0.117664
492,833113,0.117561
493,832407,0.117462
494,831673,0.117358
495,830886,0.117247
496,830120,0.117139
497,829374,0.117034
498,828572,0.116921
499,827832,0.116816
500,827136,0.116718
501,826372,0.116610
502,825638,0.116507
503,824895,0.116402
504,824137,0.116295
505,823451,0.116198
506,822742,0.116098
507,822023,0.115996
508,821262,0.115889
509,820502,0.115782
510,819800,0.115683
511,819111,0.115586
512,818385,0.115483
513,817698,0.115386
514,816978,0.115285
515,816264,0.115184
516,815588,0.115088
517,814910,0.114993
518,814183,0.114890
519,813472,0.114790
520,812760,0.114689
521,812052,0.114589
522,811328,0.114487
523,810576,0.114381
524,809883,0.114283
525,809151,0.114180
526,808414,0.114076
527,807743,0.113981
528,807010,0.113878
529,806263,0.113773
530,805601,0.113679
531,804925,0.113584
532,804175,0.113478
533,803470,0.113378
534,802785,0.113282
535,802048,0.113178
536,801326,0.113076
537,800608,0.112975
538,799909,0.112876
539,799198,0.112776
540,798477,0.112674
541,797767,0.112574
542,797068,0.112475
543,796404,0.112381
544,795743,0.112288
545,795081,0.112195
546,794401,0.112099
547,793752,0.112007
548,793076,0.111912
549,792362,0.111811
550,791663,0.111712
551,790982,0.111616
552,790316,0.111522
553,789652,0.111429
554,788976,0.111333
555,788286,0.111236
556,787592,0.111138
557,786929,0.111044
558,786238,0.110947
559,785594,0.110856
560,784949,0.110765
561,784320,0.110676
562,783606,0.110575
563,782955,0.110484
564,782290,0.110390
565,781661,0.110301
566,781017,0.110210
567,780342,0.110115
568,779657,0.110018
569,779019,0.109928
570,778417,0.109843
571,777789,0.109755
572,777104,0.109658
573,776508,0.109574
574,775899,0.109488
575,775261,0.109398
576,774593,0.109304
577,773962,0.109215
578,773284,0.109119
579,772629,0.109026
580,771989,0.108936
581,771326,0.108843
582,770684,0.108752
583,770090,0.108668
584,769462,0.108580
585,768865,0.108495
586,768244,0.108408
587,767591,0.108315
588,766928,0.108222
589,766276,0.108130
590,765565,0.108030
591,764943,0.107942
592,764309,0.107852
593,763650,0.107759
594,763082,0.107679
595,762443,0.107589
596,761826,0.107502
597,761187,0.107412
598,760540,0.107321
599,759924,0.107234
600,759345,0.107152
601,758753,0.107068
602,758154,0.106984
603,757547,0.106898
604,756950,0.106814
605,756343,0.106728
606,755761,0.106646
607,755162,0.106562
608,754534,0.106473
609,753983,0.106395
610,753357,0.106307
611,752735,0.106219
612,752057,0.106123
613,751483,0.106042
614,750893,0.105959
615,750292,0.105874
616,749682,0.105788
617,749071,0.105702
618,748447,0.105614
619,747827,0.105527
620,747228,0.105442
621,746614,0.105355
622,746040,0.105274
623,745443,0.105190
624,744896,0.105113
625,744278,0.105026
626,743669,0.104940
627,743041,0.104851
628,742433,0.104765
629,741874,0.104687
630,741257,0.104599
631,740684,0.104519
632,740093,0.104435
633,739566,0.104361
634,739002,0.104281
635,738424,0.104200
636,737827,0.104115
637,737232,0.104032
638,736621,0.103945
639,735997,0.103857
640,735382,0.103770
641,734780,0.103686
642,734170,0.103599
643,733572,0.103515
644,732971,0.103430
645,732354,0.103343
646,731796,0.103264
647,731195,0.103180
648,730609,0.103097
649,730072,0.103021
650,729516,0.102943
651,728967,0.102865
652,728385,0.102783
653,727800,0.102701
654,727212,0.102618
655,726662,0.102540
656,726142,0.102467
657,725605,0.102391
658,725065,0.102315
659,724522,0.102238
660,723977,0.102161
661,723442,0.102086
662,722915,0.102011
663,722326,0.101928
664,721741,0.101846
665,721170,0.101765
666,720645,0.101691
667,720102,0.101614
668,719550,0.101536
669,719023,0.101462
670,718482,0.101386
671,717938,0.101309
672,717382,0.101230
673,716784,0.101146
674,716189,0.101062
675,715599,0.100979
676,715021,0.100897
677,714452,0.100817
678,713844,0.100731
679,713263,0.100649
680,712728,0.100574
681,712150,0.100492
682,711602,0.100415
683,711056,0.100338
684,710574,0.100270
685,710026,0.100192
686,709503,0.100119
687,708946,0.100040
688,708379,0.099960
689,707855,0.099886
690,707343,0.099814
691,706783,0.099735
692,706284,0.099664
693,705769,0.099592
694,705218,0.099514
695,704691,0.099440
696,704067,0.099352
697,703553,0.099279
698,703017,0.099203
699,702474,0.099127
700,701923,0.099049
701,701420,0.098978
702,700887,0.098903
703,700342,0.098826
704,699815,0.098752
705,699317,0.098681
706,698771,0.098604
707,698208,0.098525
708,697689,0.098452
709,697156,0.098376
710,696637,0.098303
711,696137,0.098233
712,695580,0.098154
713,695114,0.098088
714,694627,0.098019
715,694154,0.097953
716,693595,0.097874
717,693039,0.097795
718,692506,0.097720
719,691980,0.097646
720,691475,0.097575
721,690908,0.097495
722,690382,0.097420
723,689841,0.097344
724,689318,0.097270
725,688809,0.097198
726,688263,0.097121
727,687704,0.097043
728,687194,0.096971
729,686711,0.096902
730,686237,0.096836
731,685723,0.096763
732,685218,0.096692
733,684692,0.096618
734,684217,0.096551
735,683699,0.096477
736,683194,0.096406
737,682704,0.096337
738,682206,0.096267
739,681690,0.096194
740,681203,0.096125
741,680706,0.096055
742,680199,0.095984
743,679725,0.095917
744,679220,0.095845
745,678684,0.095770
746,678168,0.095697
747,677676,0.095628
748,677193,0.095559
749,676687,0.095488
750,676201,0.095419
751,675688,0.095347
752,675181,0.095275
753,674718,0.095210
754,674232,0.095142
755,673749,0.095073
756,673252,0.095003
757,672770,0.094935
758,672299,0.094869
759,671809,0.094800
760,671338,0.094733
761,670851,0.094664
762,670351,0.094594
763,669851,0.094523
764,669365,0.094455
765,668888,0.094387
766,668390,0.094317
767,667921,0.094251
768,667432,0.094182
769,666963,0.094116
770,666430,0.094041
771,665946,0.093972
772,665471,0.093905
773,664955,0.093832
774,664487,0.093766
775,663987,0.093696
776,663501,0.093627
777,663031,0.093561
778,662541,0.093492
779,662037,0.093421
780,661504,0.093345
781,661031,0.093279
782,660577,0.093215
783,660086,0.093145
784,659602,0.093077
785,659141,0.093012
786,658634,0.092940
787,658149,0.092872
788,657670,0.092804
789,657225,0.092742
790,656765,0.092677
791,656290,0.092610
792,655829,0.092545
793,655372,0.092480
794,654903,0.092414
795,654428,0.092347
796,653937,0.092278
797,653439,0.092207
798,652953,0.092139
799,652450,0.092068
800,651962,0.091999
801,651518,0.091936
802,651047,0.091870
803,650603,0.091807
804,650187,0.091749
805,649713,0.091682
806,649223,0.091612
807,648778,0.091550
808,648303,0.091483
809,647878,0.091423
810,647452,0.091363
811,646973,0.091295
812,646558,0.091236
813,646153,0.091179
814,645711,0.091117
815,645251,0.091052
816,644802,0.090989
817,644376,0.090929
818,643938,0.090867
819,643489,0.090803
820,643109,0.090750
821,642691,0.090691
822,642247,0.090628
823,641814,0.090567
824,641356,0.090502
825,640895,0.090437
826,640463,0.090376
827,640051,0.090318
828,639621,0.090258
829,639209,0.090199
830,638802,0.090142
831,638346,0.090078
832,637922,0.090018
833,637517,0.089961
834,637111,0.089903
835,636692,0.089844
836,636229,0.089779
837,635808,0.089719
838,635358,0.089656
839,634908,0.089592
840,634444,0.089527
841,633994,0.089463
842,633565,0.089403
843,633135,0.089342
844,632702,0.089281
845,632251,0.089218
846,631765,0.089149
847,631332,0.089088
848,630883,0.089025
849,630440,0.088962
850,630017,0.088902
851,629631,0.088848
852,629189,0.088785
853,628732,0.088721
854,628304,0.088661
855,627855,0.088597
856,627409,0.088534
857,626989,0.088475
858,626577,0.088417
859,626199,0.088364
860,625749,0.088300
861,625340,0.088242
862,624922,0.088183
863,624441,0.088115
864,624023,0.088056
865,623590,0.087995
866,623181,0.087938
867,622722,0.087873
868,622318,0.087816
869,621884,0.087755
870,621492,0.087699
871,621083,0.087642
872,620650,0.087581
873,620249,0.087524
874,619802,0.087461
875,619409,0.087405
876,619033,0.087352
877,618589,0.087290
878,618209,0.087236
879,617779,0.087175
880,617361,0.087116
881,616955,0.087059
882,616515,0.086997
883,616133,0.086943
884,615714,0.086884
885,615294,0.086825
886,614877,0.086766
887,614452,0.086706
888,614076,0.086653
889,613683,0.086597
890,613322,0.086546
891,612917,0.086489
892,612488,0.086429
893,612056,0.086368
894,611661,0.086312
895,611242,0.086253
896,610795,0.086190
897,610364,0.086129
898,609928,0.086068
899,609496,0.086007
900,609083,0.085948
901,608681,0.085892
902,608274,0.085834
903,607860,0.085776
904,607481,0.085722
905,607082,0.085666
906,606636,0.085603
907,606249,0.085548
908,605833,0.085490
909,605445,0.085435
910,605050,0.085379
911,604626,0.085319
912,604177,0.085256
913,603736,0.085194
914,603233,0.085123
915,602795,0.085061
916,602369,0.085001
917,601916,0.084937
918,601502,0.084879
919,601125,0.084825
920,600714,0.084767
921,600273,0.084705
922,599825,0.084642
923,599388,0.084580
924,598980,0.084523
925,598579,0.084466
926,598165,0.084408
927,597735,0.084347
928,597334,0.084290
929,596926,0.084233
930,596491,0.084171
931,596072,0.084112
932,595704,0.084060
933,595321,0.084006
934,594868,0.083942
935,594448,0.083883
936,594033,0.083825
937,593644,0.083770
938,593226,0.083711
939,592822,0.083654
940,592435,0.083599
941,592014,0.083540
942,591607,0.083482
943,591198,0.083425
944,590813,0.083370
945,590394,0.083311
946,590001,0.083256
947,589626,0.083203
948,589212,0.083144
949,588785,0.083084
950,588376,0.083026
951,587989,0.082972
952,587608,0.082918
953,587188,0.082859
954,586778,0.082801
955,586392,0.082746
956,586004,0.082692
957,585589,0.082633
958,585211,0.082580
959,584818,0.082524
960,584420,0.082468
961,584009,0.082410
962,583623,0.082356
963,583229,0.082300
964,582824,0.082243
965,582423,0.082186
966,582031,0.082131
967,581611,0.082072
968,581222,0.082017
969,580812,0.081959
970,580412,0.081902
971,580040,0.081850
972,579637,0.081793
973,579244,0.081738
974,578849,0.081682
975,578445,0.081625
976,578025,0.081566
977,577655,0.081513
978,577291,0.081462
979,576871,0.081403
980,576489,0.081349
981,576083,0.081292
982,575682,0.081235
983,575278,0.081178
984,574897,0.081124
985,574524,0.081072
986,574127,0.081016
987,573761,0.080964
988,573430,0.080917
989,573050,0.080864
990,572703,0.080815
991,572333,0.080762
992,571927,0.080705
993,571538,0.080650
994,571149,0.080595
995,570807,0.080547
996,570418,0.080492
997,570042,0.080439
998,569651,0.080384
999,569242,0.080326
1000,568827,0.080268
1001,568447,0.080214
1002,568078,0.080162
1003,567705,0.080109
1004,567295,0.080052
1005,566889,0.079994
1006,566469,0.079935
1007,566046,0.079875
1008,565667,0.079822
1009,565295,0.079769
1010,564905,0.079714
1011,564532,0.079662
1012,564167,0.079610
1013,563760,0.079553
1014,563394,0.079501
1015,563004,0.079446
1016,562626,0.079393
1017,562237,0.079338
1018,561829,0.079280
1019,561450,0.079227
1020,561063,0.079172
1021,560699,0.079121
1022,560355,0.079072
1023,559954,0.079016
1024,559585,0.078964
1025,559233,0.078914
1026,558849,0.078860
1027,558490,0.078809
1028,558124,0.078757
1029,557747,0.078704
1030,557394,0.078654
1031,557032,0.078603
1032,556612,0.078544
1033,556229,0.078490
1034,555858,0.078438
1035,555485,0.078385
1036,555116,0.078333
1037,554725,0.078278
1038,554327,0.078222
1039,553961,0.078170
1040,553593,0.078118
1041,553241,0.078068
1042,552859,0.078014
1043,552486,0.077962
1044,552109,0.077909
1045,551677,0.077848
1046,551285,0.077792
1047,550909,0.077739
1048,550520,0.077684
1049,550132,0.077630
1050,549772,0.077579
1051,549394,0.077526
1052,549049,0.077477
1053,548698,0.077427
1054,548314,0.077373
1055,547946,0.077321
1056,547570,0.077268
1057,547210,0.077217
1058,546833,0.077164
1059,546473,0.077113
1060,546070,0.077056
1061,545684,0.077002
1062,545288,0.076946
1063,544901,0.076892
1064,544512,0.076837
1065,544158,0.076787
1066,543759,0.076730
1067,543369,0.076675
1068,542996,0.076623
1069,542621,0.076570
1070,542241,0.076516
1071,541861,0.076463
1072,541478,0.076408
1073,541087,0.076353
1074,540712,0.076300
1075,540338,0.076248
1076,539948,0.076193
1077,539542,0.076135
1078,539094,0.076072
1079,538647,0.076009
1080,538235,0.075951
1081,537852,0.075897
1082,537435,0.075838
1083,537051,0.075784
1084,536654,0.075728
1085,536242,0.075670
1086,535853,0.075615
1087,535483,0.075563
1088,535129,0.075513
1089,534762,0.075461
1090,534382,0.075407
1091,533981,0.075351
1092,533587,0.075295
1093,533159,0.075235
1094,532726,0.075173
1095,532296,0.075113
1096,531862,0.075052
1097,531490,0.074999
1098,531113,0.074946
1099,530762,0.074896
1100,530383,0.074843
1101,529987,0.074787
1102,529625,0.074736
1103,529260,0.074684
1104,528879,0.074631
1105,528500,0.074577
1106,528162,0.074529
1107,527804,0.074479
1108,527486,0.074434
1109,527177,0.074390
1110,526833,0.074342
1111,526513,0.074297
1112,526149,0.074245
1113,525791,0.074195
1114,525426,0.074143
1115,525078,0.074094
1116,524753,0.074048
1117,524416,0.074001
1118,524060,0.073951
1119,523729,0.073904
1120,523361,0.073852
1121,522993,0.073800
1122,522672,0.073755
1123,522310,0.073704
1124,521945,0.073652
1125,521600,0.073603
1126,521261,0.073556
1127,520854,0.073498
1128,520520,0.073451
1129,520186,0.073404
1130,519836,0.073355
1131,519530,0.073311
1132,519182,0.073262
1133,518820,0.073211
1134,518493,0.073165
1135,518194,0.073123
1136,517886,0.073079
1137,517536,0.073030
1138,517170,0.072978
1139,516843,0.072932
1140,516484,0.072882
1141,516127,0.072831
1142,515746,0.072777
1143,515398,0.072728
1144,515055,0.072680
1145,514690,0.072628
1146,514348,0.072580
1147,513980,0.072528
1148,513644,0.072481
1149,513309,0.072434
1150,512996,0.072389
1151,512669,0.072343
1152,512328,0.072295
1153,511965,0.072244
1154,511617,0.072195
1155,511238,0.072141
1156,510874,0.072090
1157,510528,0.072041
1158,510174,0.071991
1159,509831,0.071943
1160,509498,0.071896
1161,509173,0.071850
1162,508804,0.071798
1163,508456,0.071749
1164,508126,0.071702
1165,507780,0.071653
1166,507468,0.071609
1167,507126,0.071561
1168,506828,0.071519
1169,506521,0.071476
1170,506182,0.071428
1171,505878,0.071385
1172,505542,0.071338
1173,505202,0.071290
1174,504888,0.071245
1175,504562,0.071199
1176,504234,0.071153
1177,503909,0.071107
1178,503579,0.071061
1179,503250,0.071014
1180,502946,0.070971
1181,502601,0.070923
1182,502283,0.070878
1183,501954,0.070831
1184,501619,0.070784
1185,501301,0.070739
1186,501018,0.070699
1187,500670,0.070650
1188,500351,0.070605
1189,500015,0.070558
1190,499723,0.070516
1191,499393,0.070470
1192,499050,0.070421
1193,498742,0.070378
1194,498408,0.070331
1195,498060,0.070282
1196,497722,0.070234
1197,497410,0.070190
1198,497081,0.070144
1199,496765,0.070099
1200,496451,0.070055
1201,496152,0.070012
1202,495863,0.069972
1203,495518,0.069923
1204,495223,0.069881
1205,494920,0.069839
1206,494602,0.069794
1207,494316,0.069753
1208,494011,0.069710
1209,493723,0.069670
1210,493432,0.069629
1211,493139,0.069587
1212,492816,0.069542
1213,492509,0.069498
1214,492189,0.069453
1215,491882,0.069410
1216,491548,0.069363
1217,491213,0.069316
1218,490889,0.069270
1219,490573,0.069225
1220,490275,0.069183
1221,489969,0.069140
1222,489644,0.069094
1223,489340,0.069051
1224,489048,0.069010
1225,488743,0.068967
1226,488455,0.068926
1227,488165,0.068885
1228,487880,0.068845
1229,487586,0.068804
1230,487273,0.068760
1231,486973,0.068717
1232,486690,0.068677
1233,486383,0.068634
1234,486101,0.068594
1235,485807,0.068553
1236,485488,0.068508
1237,485210,0.068468
1238,484900,0.068425
1239,484578,0.068379
1240,484262,0.068335
1241,483968,0.068293
1242,483666,0.068251
1243,483375,0.068210
1244,483101,0.068171
1245,482815,0.068130
1246,482511,0.068088
1247,482234,0.068049
1248,481948,0.068008
1249,481676,0.067970
1250,481389,0.067929
1251,481113,0.067890
1252,480827,0.067850
1253,480510,0.067805
1254,480191,0.067760
1255,479915,0.067721
1256,479652,0.067684
1257,479368,0.067644
1258,479063,0.067601
1259,478764,0.067559
1260,478502,0.067522
1261,478228,0.067483
1262,477961,0.067446
1263,477660,0.067403
1264,477398,0.067366
1265,477110,0.067325
1266,476837,0.067287
1267,476577,0.067250
1268,476324,0.067215
1269,476094,0.067182
1270,475828,0.067145
1271,475544,0.067104
1272,475273,0.067066
1273,474988,0.067026
1274,474692,0.066984
1275,474405,0.066944
1276,474135,0.066906
1277,473859,0.066867
1278,473571,0.066826
1279,473259,0.066782
1280,472964,0.066740
1281,472686,0.066701
1282,472440,0.066666
1283,472173,0.066629
1284,471916,0.066593
1285,471653,0.066555
1286,471397,0.066519
1287,471155,0.066485
1288,470876,0.066446
1289,470613,0.066409
1290,470357,0.066373
1291,470094,0.066335
1292,469870,0.066304
1293,469586,0.066264
1294,469306,0.066224
1295,469051,0.066188
1296,468787,0.066151
1297,468511,0.066112
1298,468248,0.066075
1299,467985,0.066038
1300,467692,0.065996
1301,467434,0.065960
1302,467142,0.065919
1303,466852,0.065878
1304,466591,0.065841
1305,466334,0.065805
1306,466062,0.065766
1307,465813,0.065731
1308,465539,0.065693
1309,465264,0.065654
1310,465008,0.065618
1311,464747,0.065581
1312,464490,0.065545
1313,464239,0.065509
1314,463983,0.065473
1315,463728,0.065437
1316,463452,0.065398
1317,463183,0.065360
1318,462931,0.065325
1319,462700,0.065292
1320,462465,0.065259
1321,462208,0.065223
1322,461955,0.065187
1323,461687,0.065149
1324,461426,0.065112
1325,461163,0.065075
1326,460926,0.065042
1327,460657,0.065004
1328,460403,0.064968
1329,460174,0.064936
1330,459925,0.064900
1331,459679,0.064866
1332,459438,0.064832
1333,459177,0.064795
1334,458932,0.064760
1335,458664,0.064723
1336,458450,0.064692
1337,458178,0.064654
1338,457909,0.064616
1339,457641,0.064578
1340,457371,0.064540
1341,457085,0.064500
1342,456805,0.064460
1343,456527,0.064421
1344,456283,0.064387
1345,455992,0.064345
1346,455730,0.064308
1347,455487,0.064274
1348,455241,0.064239
1349,455001,0.064206
1350,454745,0.064170
1351,454492,0.064134
1352,454214,0.064095
1353,453931,0.064055
1354,453663,0.064017
1355,453409,0.063981
1356,453130,0.063942
1357,452895,0.063908
1358,452651,0.063874
1359,452366,0.063834
1360,452128,0.063800
1361,451863,0.063763
1362,451621,0.063729
1363,451348,0.063690
1364,451091,0.063654
1365,450785,0.063611
1366,450546,0.063577
1367,450303,0.063543
1368,450035,0.063505
1369,449762,0.063466
1370,449510,0.063431
1371,449250,0.063394
1372,448982,0.063356
1373,448720,0.063319
1374,448427,0.063278
1375,448181,0.063243
1376,447916,0.063206
1377,447663,0.063170
1378,447391,0.063132
1379,447129,0.063095
1380,446881,0.063060
1381,446599,0.063020
1382,446310,0.062979
1383,446064,0.062945
1384,445802,0.062908
1385,445566,0.062874
1386,445324,0.062840
1387,445068,0.062804
1388,444816,0.062768
1389,444535,0.062729
1390,444282,0.062693
1391,443997,0.062653
1392,443733,0.062616
1393,443476,0.062579
1394,443229,0.062544
1395,442959,0.062506
1396,442697,0.062469
1397,442431,0.062432
1398,442176,0.062396
1399,441930,0.062361
1400,441704,0.062329
1401,441445,0.062293
1402,441163,0.062253
1403,440899,0.062216
1404,440627,0.062177
1405,440374,0.062142
1406,440119,0.062106
1407,439869,0.062070
1408,439605,0.062033
1409,439351,0.061997
1410,439102,0.061962
1411,438880,0.061931
1412,438600,0.061891
1413,438345,0.061855
1414,438100,0.061821
1415,437833,0.061783
1416,437592,0.061749
1417,437308,0.061709
1418,437046,0.061672
1419,436812,0.061639
1420,436569,0.061605
1421,436306,0.061568
1422,436026,0.061528
1423,435779,0.061493
1424,435541,0.061460
1425,435291,0.061424
1426,435047,0.061390
1427,434825,0.061359
1428,434574,0.061323
1429,434333,0.061289
1430,434103,0.061257
1431,433882,0.061226
1432,433656,0.061194
1433,433407,0.061158
1434,433186,0.061127
1435,432953,0.061094
1436,432701,0.061059
1437,432479,0.061028
1438,432214,0.060990
1439,431960,0.060954
1440,431726,0.060921
1441,431513,0.060891
1442,431264,0.060856
1443,431047,0.060825
1444,430812,0.060792
1445,430589,0.060761
1446,430355,0.060728
1447,430074,0.060688
1448,429827,0.060653
1449,429589,0.060620
1450,429311,0.060580
1451,429066,0.060546
1452,428823,0.060512
1453,428584,0.060478
1454,428339,0.060443
1455,428093,0.060409
1456,427857,0.060375
1457,427618,0.060342
1458,427374,0.060307
1459,427114,0.060270
1460,426896,0.060240
1461,426644,0.060204
1462,426419,0.060172
1463,426191,0.060140
1464,425966,0.060108
1465,425726,0.060075
1466,425472,0.060039
1467,425201,0.060001
1468,424994,0.059971
1469,424753,0.059937
1470,424529,0.059906
1471,424305,0.059874
1472,424068,0.059841
1473,423837,0.059808
1474,423600,0.059775
1475,423347,0.059739
1476,423126,0.059708
1477,422909,0.059677
1478,422672,0.059644
1479,422420,0.059608
1480,422198,0.059577
1481,421975,0.059545
1482,421753,0.059514
1483,421496,0.059478
1484,421287,0.059448
1485,421073,0.059418
1486,420842,0.059385
1487,420604,0.059352
1488,420347,0.059316
1489,420108,0.059282
1490,419891,0.059251
1491,419676,0.059221
1492,419458,0.059190
1493,419237,0.059159
1494,419014,0.059127
1495,418785,0.059095
1496,418546,0.059061
1497,418321,0.059030
1498,418135,0.059003
1499,417934,0.058975
1500,417686,0.058940
1501,417499,0.058914
1502,417281,0.058883
1503,417032,0.058848
1504,416794,0.058814
1505,416565,0.058782
1506,416337,0.058750
1507,416128,0.058720
1508,415879,0.058685
1509,415619,0.058648
1510,415392,0.058616
1511,415138,0.058581
1512,414907,0.058548
1513,414687,0.058517
1514,414463,0.058485
1515,414228,0.058452
1516,413998,0.058420
1517,413753,0.058385
1518,413527,0.058353
1519,413305,0.058322
1520,413079,0.058290
1521,412857,0.058259
1522,412637,0.058228
1523,412408,0.058195
1524,412177,0.058163
1525,411980,0.058135
1526,411748,0.058102
1527,411504,0.058068
1528,411265,0.058034
1529,411031,0.058001
1530,410809,0.057970
1531,410605,0.057941
1532,410366,0.057907
1533,410094,0.057869
1534,409825,0.057831
1535,409569,0.057795
1536,409325,0.057760
1537,409095,0.057728
1538,408859,0.057694
1539,408620,0.057661
1540,408381,0.057627
1541,408163,0.057596
1542,407909,0.057560
1543,407667,0.057526
1544,407445,0.057495
1545,407220,0.057463
1546,406995,0.057431
1547,406757,0.057398
1548,406545,0.057368
1549,406322,0.057336
1550,406100,0.057305
1551,405858,0.057271
1552,405631,0.057239
1553,405407,0.057207
1554,405162,0.057173
1555,404948,0.057143
1556,404715,0.057110
1557,404502,0.057080
1558,404293,0.057050
1559,404083,0.057021
1560,403860,0.056989
1561,403628,0.056956
1562,403383,0.056922
1563,403163,0.056891
1564,402919,0.056856
1565,402690,0.056824
1566,402444,0.056789
1567,402213,0.056757
1568,401994,0.056726
1569,401798,0.056698
1570,401563,0.056665
1571,401348,0.056635
1572,401159,0.056608
1573,400969,0.056581
1574,400730,0.056547
1575,400513,0.056517
1576,400282,0.056484
1577,400059,0.056453
1578,399799,0.056416
1579,399577,0.056385
1580,399356,0.056354
1581,399152,0.056325
1582,398964,0.056298
1583,398732,0.056265
1584,398525,0.056236
1585,398293,0.056204
1586,398086,0.056174
1587,397887,0.056146
1588,397667,0.056115
1589,397471,0.056088
1590,397276,0.056060
1591,397077,0.056032
1592,396834,0.055998
1593,396580,0.055962
1594,396367,0.055932
1595,396180,0.055905
1596,395955,0.055874
1597,395709,0.055839
1598,395485,0.055807
1599,395260,0.055776
1600,395035,0.055744
1601,394816,0.055713
1602,394598,0.055682
1603,394342,0.055646
1604,394123,0.055615
1605,393912,0.055585
1606,393686,0.055553
1607,393481,0.055524
1608,393284,0.055497
1609,393086,0.055469
1610,392858,0.055437
1611,392638,0.055406
1612,392445,0.055378
1613,392228,0.055348
1614,392001,0.055316
1615,391784,0.055285
1616,391562,0.055254
1617,391340,0.055222
1618,391107,0.055189
1619,390895,0.055160
1620,390706,0.055133
1621,390526,0.055107
1622,390337,0.055081
1623,390124,0.055051
1624,389905,0.055020
1625,389682,0.054988
1626,389432,0.054953
1627,389243,0.054926
1628,389025,0.054896
1629,388818,0.054866
1630,388587,0.054834
1631,388341,0.054799
1632,388101,0.054765
1633,387880,0.054734
1634,387682,0.054706
1635,387442,0.054672
1636,387211,0.054640
1637,386998,0.054610
1638,386795,0.054581
1639,386587,0.054552
1640,386368,0.054521
1641,386150,0.054490
1642,385921,0.054458
1643,385688,0.054425
1644,385465,0.054393
1645,385250,0.054363
1646,385045,0.054334
1647,384813,0.054301
1648,384590,0.054270
1649,384379,0.054240
1650,384154,0.054208
1651,383959,0.054181
1652,383761,0.054153
1653,383562,0.054125
1654,383368,0.054097
1655,383166,0.054069
1656,382967,0.054041
1657,382740,0.054009
1658,382526,0.053979
1659,382326,0.053950
1660,382100,0.053918
1661,381884,0.053888
1662,381653,0.053855
1663,381452,0.053827
1664,381241,0.053797
1665,381023,0.053767
1666,380791,0.053734
1667,380579,0.053704
1668,380382,0.053676
1669,380176,0.053647
1670,379919,0.053611
1671,379696,0.053579
1672,379470,0.053547
1673,379216,0.053512
1674,378990,0.053480
1675,378767,0.053448
1676,378564,0.053420
1677,378372,0.053392
1678,378157,0.053362
1679,377973,0.053336
1680,377798,0.053311
1681,377571,0.053279
1682,377353,0.053249
1683,377122,0.053216
1684,376920,0.053188
1685,376697,0.053156
1686,376449,0.053121
1687,376227,0.053090
1688,376025,0.053061
1689,375810,0.053031
1690,375629,0.053005
1691,375420,0.052976
1692,375195,0.052944
1693,375012,0.052918
1694,374808,0.052890
1695,374607,0.052861
1696,374392,0.052831
1697,374197,0.052803
1698,373984,0.052773
1699,373776,0.052744
1700,373600,0.052719
1701,373392,0.052690
1702,373181,0.052660
1703,372992,0.052633
1704,372789,0.052605
1705,372583,0.052576
1706,372382,0.052547
1707,372170,0.052517
1708,371950,0.052486
1709,371742,0.052457
1710,371545,0.052429
1711,371325,0.052398
1712,371130,0.052371
1713,370895,0.052337
1714,370693,0.052309
1715,370470,0.052277
1716,370270,0.052249
1717,370055,0.052219
1718,369840,0.052188
1719,369645,0.052161
1720,369396,0.052126
1721,369187,0.052096
1722,368961,0.052064
1723,368730,0.052032
1724,368520,0.052002
1725,368297,0.051971
1726,368083,0.051941
1727,367850,0.051908
1728,367635,0.051877
1729,367413,0.051846
1730,367159,0.051810
1731,366908,0.051775
1732,366691,0.051744
1733,366457,0.051711
1734,366241,0.051681
1735,366047,0.051653
1736,365830,0.051623
1737,365602,0.051590
1738,365365,0.051557
1739,365152,0.051527
1740,364912,0.051493
1741,364706,0.051464
1742,364483,0.051433
1743,364271,0.051403
1744,364046,0.051371
1745,363834,0.051341
1746,363629,0.051312
1747,363398,0.051279
1748,363203,0.051252
1749,363007,0.051224
1750,362796,0.051194
1751,362578,0.051164
1752,362320,0.051127
1753,362090,0.051095
1754,361858,0.051062
1755,361617,0.051028
1756,361338,0.050989
1757,361102,0.050955
1758,360876,0.050924
1759,360649,0.050892
1760,360440,0.050862
1761,360246,0.050835
1762,360004,0.050801
1763,359808,0.050773
1764,359592,0.050742
1765,359389,0.050714
1766,359159,0.050681
1767,358943,0.050651
1768,358734,0.050621
1769,358501,0.050588
1770,358268,0.050556
1771,358037,0.050523
1772,357814,0.050491
1773,357587,0.050459
1774,357365,0.050428
1775,357191,0.050404
1776,356979,0.050374
1777,356763,0.050343
1778,356570,0.050316
1779,356347,0.050284
1780,356136,0.050255
1781,355923,0.050225
1782,355710,0.050195
1783,355520,0.050168
1784,355286,0.050135
1785,355074,0.050105
1786,354833,0.050071
1787,354607,0.050039
1788,354400,0.050010
1789,354200,0.049982
1790,354000,0.049953
1791,353773,0.049921
1792,353540,0.049888
1793,353303,0.049855
1794,353090,0.049825
1795,352869,0.049794
1796,352678,0.049767
1797,352481,0.049739
1798,352261,0.049708
1799,352057,0.049679
1800,351820,0.049646
1801,351591,0.049613
1802,351377,0.049583
1803,351156,0.049552
1804,350902,0.049516
1805,350701,0.049488
1806,350492,0.049458
1807,350269,0.049427
1808,350042,0.049395
1809,349830,0.049365
1810,349619,0.049335
1811,349395,0.049303
1812,349190,0.049275
1813,348989,0.049246
1814,348786,0.049218
1815,348520,0.049180
1816,348314,0.049151
1817,348113,0.049123
1818,347905,0.049093
1819,347678,0.049061
1820,347471,0.049032
1821,347283,0.049005
1822,347092,0.048978
1823,346905,0.048952
1824,346715,0.048925
1825,346509,0.048896
1826,346326,0.048870
1827,346145,0.048845
1828,345991,0.048823
1829,345807,0.048797
1830,345601,0.048768
1831,345449,0.048747
1832,345255,0.048719
1833,345055,0.048691
1834,344848,0.048662
1835,344682,0.048638
1836,344509,0.048614
1837,344348,0.048591
1838,344175,0.048567
1839,344036,0.048547
1840,343894,0.048527
1841,343717,0.048502
1842,343548,0.048478
1843,343374,0.048454
1844,343205,0.048430
1845,343022,0.048404
1846,342845,0.048379
1847,342687,0.048357
1848,342490,0.048329
1849,342299,0.048302
1850,342116,0.048276
1851,341925,0.048249
1852,341732,0.048222
1853,341545,0.048196
1854,341346,0.048168
1855,341154,0.048141
1856,340985,0.048117
1857,340799,0.048090
1858,340605,0.048063
1859,340388,0.048032
1860,340206,0.048007
1861,339978,0.047975
1862,339790,0.047948
1863,339616,0.047924
1864,339438,0.047898
1865,339242,0.047871
1866,339019,0.047839
1867,338829,0.047812
1868,338640,0.047786
1869,338436,0.047757
1870,338255,0.047731
1871,338058,0.047704
1872,337876,0.047678
1873,337679,0.047650
1874,337514,0.047627
1875,337351,0.047604
1876,337151,0.047576
1877,336955,0.047548
1878,336770,0.047522
1879,336574,0.047494
1880,336385,0.047468
1881,336210,0.047443
1882,336026,0.047417
1883,335862,0.047394
1884,335688,0.047369
1885,335504,0.047343
1886,335341,0.047320
1887,335151,0.047293
1888,334991,0.047271
1889,334803,0.047244
1890,334597,0.047215
1891,334405,0.047188
1892,334226,0.047163
1893,334065,0.047140
1894,333875,0.047113
1895,333707,0.047090
1896,333516,0.047063
1897,333332,0.047037
1898,333150,0.047011
1899,332964,0.046985
1900,332779,0.046959
1901,332612,0.046935
1902,332409,0.046907
1903,332204,0.046878
1904,332013,0.046851
1905,331829,0.046825
1906,331624,0.046796
1907,331446,0.046771
1908,331277,0.046747
1909,331114,0.046724
1910,330942,0.046700
1911,330779,0.046677
1912,330628,0.046655
1913,330476,0.046634
1914,330301,0.046609
1915,330115,0.046583
1916,329944,0.046559
1917,329763,0.046533
1918,329574,0.046507
1919,329383,0.046480
1920,329188,0.046452
1921,329034,0.046430
1922,328874,0.046408
1923,328711,0.046385
1924,328518,0.046357
1925,328326,0.046330
1926,328119,0.046301
1927,327946,0.046277
1928,327797,0.046256
1929,327627,0.046232
1930,327449,0.046207
1931,327294,0.046185
1932,327123,0.046161
1933,326930,0.046133
1934,326767,0.046110
1935,326583,0.046084
1936,326403,0.046059
1937,326252,0.046038
1938,326095,0.046016
1939,325928,0.045992
1940,325763,0.045969
1941,325614,0.045948
1942,325445,0.045924
1943,325291,0.045902
1944,325132,0.045880
1945,324965,0.045856
1946,324813,0.045835
1947,324647,0.045811
1948,324482,0.045788
1949,324335,0.045767
1950,324158,0.045742
1951,323994,0.045719
1952,323816,0.045694
1953,323671,0.045674
1954,323509,0.045651
1955,323354,0.045629
1956,323179,0.045604
1957,322987,0.045577
1958,322784,0.045548
1959,322614,0.045524
1960,322457,0.045502
1961,322314,0.045482
1962,322163,0.045461
1963,321986,0.045436
1964,321857,0.045418
1965,321708,0.045397
1966,321567,0.045377
1967,321406,0.045354
1968,321232,0.045329
1969,321070,0.045306
1970,320916,0.045285
1971,320765,0.045263
1972,320611,0.045242
1973,320467,0.045221
1974,320316,0.045200
1975,320160,0.045178
1976,320011,0.045157
1977,319859,0.045136
1978,319693,0.045112
1979,319537,0.045090
1980,319397,0.045070
1981,319231,0.045047
1982,319067,0.045024
1983,318894,0.044999
1984,318720,0.044975
1985,318574,0.044954
1986,318434,0.044935
1987,318284,0.044913
1988,318147,0.044894
1989,317995,0.044873
1990,317839,0.044851
1991,317699,0.044831
1992,317541,0.044809
1993,317402,0.044789
1994,317244,0.044767
1995,317105,0.044747
1996,316958,0.044726
1997,316836,0.044709
1998,316693,0.044689
1999,316562,0.044670
2000,316439,0.044653
2001,316307,0.044634
2002,316156,0.044613
2003,316021,0.044594
2004,315869,0.044573
2005,315727,0.044553
2006,315583,0.044532
2007,315427,0.044510
2008,315282,0.044490
2009,315144,0.044470
2010,314995,0.044449
2011,314853,0.044429
2012,314708,0.044409
2013,314533,0.044384
2014,314388,0.044364
2015,314227,0.044341
2016,314097,0.044323
2017,313936,0.044300
2018,313808,0.044282
2019,313671,0.044262
2020,313535,0.044243
2021,313375,0.044221
2022,313236,0.044201
2023,313091,0.044181
2024,312933,0.044158
2025,312797,0.044139
2026,312648,0.044118
2027,312474,0.044094
2028,312325,0.044072
2029,312174,0.044051
2030,312012,0.044028
2031,311871,0.044008
2032,311714,0.043986
2033,311585,0.043968
2034,311459,0.043950
2035,311308,0.043929
2036,311165,0.043909
2037,310987,0.043884
2038,310837,0.043863
2039,310655,0.043837
2040,310485,0.043813
2041,310319,0.043789
2042,310153,0.043766
2043,309973,0.043741
2044,309809,0.043717
2045,309664,0.043697
2046,309513,0.043676
2047,309341,0.043651
2048,309164,0.043626
2049,309000,0.043603
2050,308859,0.043583
2051,308701,0.043561
2052,308579,0.043544
2053,308434,0.043523
2054,308296,0.043504
2055,308171,0.043486
2056,308014,0.043464
2057,307862,0.043443
2058,307723,0.043423
2059,307578,0.043403
2060,307435,0.043382
2061,307301,0.043364
2062,307171,0.043345
2063,307033,0.043326
2064,306893,0.043306
2065,306766,0.043288
2066,306629,0.043269
2067,306506,0.043251
2068,306373,0.043233
2069,306224,0.043212
2070,306093,0.043193
2071,305978,0.043177
2072,305847,0.043158
2073,305712,0.043139
2074,305579,0.043121
2075,305449,0.043102
2076,305324,0.043085
2077,305178,0.043064
2078,305051,0.043046
2079,304916,0.043027
2080,304792,0.043009
2081,304661,0.042991
2082,304524,0.042972
2083,304395,0.042953
2084,304252,0.042933
2085,304121,0.042915
2086,304001,0.042898
2087,303884,0.042881
2088,303750,0.042862
2089,303623,0.042845
2090,303452,0.042820
2091,303329,0.042803
2092,303191,0.042784
2093,303043,0.042763
2094,302924,0.042746
2095,302777,0.042725
2096,302635,0.042705
2097,302504,0.042687
2098,302378,0.042669
2099,302245,0.042650
2100,302104,0.042630
2101,301962,0.042610
2102,301836,0.042592
2103,301721,0.042576
2104,301606,0.042560
2105,301480,0.042542
2106,301353,0.042524
2107,301226,0.042506
2108,301110,0.042490
2109,300970,0.042470
2110,300842,0.042452
2111,300715,0.042434
2112,300606,0.042419
2113,300491,0.042403
2114,300349,0.042383
2115,300231,0.042366
2116,300103,0.042348
2117,299988,0.042332
2118,299894,0.042318
2119,299770,0.042301
2120,299622,0.042280
2121,299505,0.042263
2122,299388,0.042247
2123,299277,0.042231
2124,299164,0.042215
2125,299051,0.042199
2126,298943,0.042184
2127,298825,0.042167
2128,298701,0.042150
2129,298603,0.042136
2130,298474,0.042118
2131,298357,0.042101
2132,298226,0.042083
2133,298115,0.042067
2134,297998,0.042051
2135,297866,0.042032
2136,297741,0.042015
2137,297616,0.041997
2138,297513,0.041982
2139,297403,0.041967
2140,297291,0.041951
2141,297170,0.041934
2142,297046,0.041916
2143,296921,0.041899
2144,296778,0.041879
2145,296664,0.041863
2146,296549,0.041846
2147,296408,0.041826
2148,296283,0.041809
2149,296148,0.041790
2150,296031,0.041773
2151,295919,0.041757
2152,295801,0.041741
2153,295679,0.041724
2154,295554,0.041706
2155,295440,0.041690
2156,295323,0.041673
2157,295210,0.041657
2158,295078,0.041639
2159,294929,0.041618
2160,294796,0.041599
2161,294664,0.041580
2162,294553,0.041565
2163,294425,0.041547
2164,294303,0.041529
2165,294168,0.041510
2166,294066,0.041496
2167,293947,0.041479
2168,293803,0.041459
2169,293677,0.041441
2170,293546,0.041423
2171,293405,0.041403
2172,293238,0.041379
2173,293083,0.041357
2174,292941,0.041337
2175,292805,0.041318
2176,292691,0.041302
2177,292541,0.041281
2178,292419,0.041264
2179,292296,0.041246
2180,292168,0.041228
2181,292020,0.041207
2182,291888,0.041189
2183,291741,0.041168
2184,291614,0.041150
2185,291469,0.041129
2186,291336,0.041111
2187,291214,0.041093
2188,291075,0.041074
2189,290959,0.041058
2190,290836,0.041040
2191,290721,0.041024
2192,290610,0.041008
2193,290493,0.040992
2194,290375,0.040975
2195,290276,0.040961
2196,290146,0.040943
2197,290033,0.040927
2198,289919,0.040911
2199,289827,0.040898
2200,289714,0.040882
2201,289601,0.040866
2202,289508,0.040853
2203,289390,0.040836
2204,289279,0.040820
2205,289178,0.040806
2206,289051,0.040788
2207,288945,0.040773
2208,288830,0.040757
2209,288710,0.040740
2210,288591,0.040723
2211,288488,0.040709
2212,288366,0.040692
2213,288243,0.040674
2214,288124,0.040657
2215,288014,0.040642
2216,287896,0.040625
2217,287788,0.040610
2218,287660,0.040592
2219,287548,0.040576
2220,287421,0.040558
2221,287285,0.040539
2222,287156,0.040521
2223,287019,0.040502
2224,286913,0.040487
2225,286799,0.040470
2226,286654,0.040450
2227,286543,0.040434
2228,286410,0.040416
2229,286297,0.040400
2230,286155,0.040380
2231,286040,0.040363
2232,285911,0.040345
2233,285775,0.040326
2234,285635,0.040306
2235,285524,0.040291
2236,285390,0.040272
2237,285255,0.040253
2238,285127,0.040235
2239,284993,0.040216
2240,284876,0.040199
2241,284769,0.040184
2242,284624,0.040164
2243,284501,0.040146
2244,284379,0.040129
2245,284259,0.040112
2246,284129,0.040094
2247,284018,0.040078
2248,283897,0.040061
2249,283771,0.040043
2250,283668,0.040029
2251,283521,0.040008
2252,283392,0.039990
2253,283263,0.039972
2254,283105,0.039949
2255,282997,0.039934
2256,282880,0.039917
2257,282730,0.039896
2258,282596,0.039877
2259,282468,0.039859
2260,282320,0.039838
2261,282177,0.039818
2262,282039,0.039799
2263,281866,0.039774
2264,281766,0.039760
2265,281645,0.039743
2266,281505,0.039723
2267,281372,0.039705
2268,281233,0.039685
2269,281109,0.039668
2270,280983,0.039650
2271,280874,0.039634
2272,280766,0.039619
2273,280662,0.039604
2274,280547,0.039588
2275,280427,0.039571
2276,280316,0.039556
2277,280186,0.039537
2278,280061,0.039520
2279,279966,0.039506
2280,279868,0.039492
2281,279759,0.039477
2282,279637,0.039460
2283,279518,0.039443
2284,279420,0.039429
2285,279300,0.039412
2286,279183,0.039396
2287,279061,0.039379
2288,278953,0.039363
2289,278817,0.039344
2290,278677,0.039324
2291,278562,0.039308
2292,278433,0.039290
2293,278317,0.039274
2294,278194,0.039256
2295,278073,0.039239
2296,277951,0.039222
2297,277842,0.039207
2298,277717,0.039189
2299,277593,0.039171
2300,277449,0.039151
2301,277335,0.039135
2302,277218,0.039118
2303,277105,0.039103
2304,276990,0.039086
2305,276870,0.039069
2306,276754,0.039053
2307,276653,0.039039
2308,276551,0.039024
2309,276453,0.039011
2310,276351,0.038996
2311,276265,0.038984
2312,276149,0.038968
2313,276034,0.038951
2314,275936,0.038938
2315,275827,0.038922
2316,275729,0.038908
2317,275625,0.038894
2318,275484,0.038874
2319,275358,0.038856
2320,275241,0.038840
2321,275125,0.038823
2322,275007,0.038807
2323,274915,0.038794
2324,274819,0.038780
2325,274723,0.038766
2326,274610,0.038750
2327,274497,0.038735
2328,274391,0.038720
2329,274291,0.038705
2330,274189,0.038691
2331,274102,0.038679
2332,274003,0.038665
2333,273877,0.038647
2334,273773,0.038632
2335,273661,0.038617
2336,273556,0.038602
2337,273453,0.038587
2338,273351,0.038573
2339,273245,0.038558
2340,273151,0.038545
2341,273047,0.038530
2342,272934,0.038514
2343,272817,0.038497
2344,272712,0.038483
2345,272590,0.038465
2346,272496,0.038452
2347,272366,0.038434
2348,272278,0.038421
2349,272154,0.038404
2350,272052,0.038390
2351,271929,0.038372
2352,271826,0.038358
2353,271737,0.038345
2354,271628,0.038330
2355,271516,0.038314
2356,271405,0.038298
2357,271302,0.038284
2358,271184,0.038267
2359,271083,0.038253
2360,270986,0.038239
2361,270856,0.038221
2362,270756,0.038207
2363,270659,0.038193
2364,270558,0.038179
2365,270449,0.038163
2366,270344,0.038149
2367,270267,0.038138
2368,270167,0.038124
2369,270060,0.038108
2370,269963,0.038095
2371,269876,0.038082
2372,269763,0.038067
2373,269671,0.038054
2374,269586,0.038042
2375,269497,0.038029
2376,269393,0.038014
2377,269304,0.038002
2378,269221,0.037990
2379,269127,0.037977
2380,269020,0.037962
2381,268915,0.037947
2382,268845,0.037937
2383,268752,0.037924
2384,268661,0.037911
2385,268573,0.037899
2386,268486,0.037886
2387,268395,0.037873
2388,268318,0.037863
2389,268229,0.037850
2390,268128,0.037836
2391,268006,0.037819
2392,267896,0.037803
2393,267790,0.037788
2394,267682,0.037773
2395,267584,0.037759
2396,267473,0.037743
2397,267379,0.037730
2398,267287,0.037717
2399,267195,0.037704
2400,267108,0.037692
2401,267007,0.037678
2402,266914,0.037664
2403,266826,0.037652
2404,266750,0.037641
2405,266654,0.037628
2406,266549,0.037613
2407,266461,0.037601
2408,266367,0.037587
2409,266271,0.037574
2410,266178,0.037561
2411,266088,0.037548
2412,265989,0.037534
2413,265910,0.037523
2414,265822,0.037510
2415,265735,0.037498
2416,265653,0.037487
2417,265576,0.037476
2418,265486,0.037463
2419,265382,0.037448
2420,265281,0.037434
2421,265191,0.037421
2422,265102,0.037409
2423,264999,0.037394
2424,264922,0.037383
2425,264835,0.037371
2426,264725,0.037356
2427,264654,0.037346
2428,264547,0.037330
2429,264461,0.037318
2430,264384,0.037307
2431,264294,0.037295
2432,264205,0.037282
2433,264106,0.037268
2434,264014,0.037255
2435,263918,0.037242
2436,263833,0.037230
2437,263753,0.037218
2438,263680,0.037208
2439,263591,0.037196
2440,263494,0.037182
2441,263408,0.037170
2442,263321,0.037157
2443,263224,0.037144
2444,263136,0.037131
2445,263063,0.037121
2446,262985,0.037110
2447,262903,0.037098
2448,262817,0.037086
2449,262733,0.037075
2450,262626,0.037059
2451,262550,0.037049
2452,262468,0.037037
2453,262381,0.037025
2454,262319,0.037016
2455,262236,0.037004
2456,262162,0.036994
2457,262075,0.036982
2458,262004,0.036972
2459,261931,0.036961
2460,261869,0.036953
2461,261786,0.036941
2462,261698,0.036928
2463,261615,0.036917
2464,261536,0.036906
2465,261462,0.036895
2466,261379,0.036883
2467,261304,0.036873
2468,261217,0.036861
2469,261123,0.036847
2470,261042,0.036836
2471,260960,0.036824
2472,260861,0.036810
2473,260741,0.036793
2474,260648,0.036780
2475,260549,0.036766
2476,260468,0.036755
2477,260365,0.036740
2478,260275,0.036728
2479,260173,0.036713
2480,260077,0.036700
2481,259975,0.036685
2482,259885,0.036673
2483,259796,0.036660
2484,259687,0.036645
2485,259579,0.036629
2486,259481,0.036616
2487,259377,0.036601
2488,259287,0.036588
2489,259201,0.036576
2490,259122,0.036565
2491,259036,0.036553
2492,258956,0.036542
2493,258866,0.036529
2494,258769,0.036515
2495,258680,0.036503
2496,258598,0.036491
2497,258499,0.036477
2498,258392,0.036462
2499,258308,0.036450
2500,258231,0.036439
2501,258145,0.036427
2502,258059,0.036415
2503,257965,0.036402
2504,257872,0.036389
2505,257782,0.036376
2506,257698,0.036364
2507,257610,0.036352
2508,257504,0.036337
2509,257402,0.036322
2510,257308,0.036309
2511,257212,0.036295
2512,257133,0.036284
2513,257057,0.036274
2514,256987,0.036264
2515,256911,0.036253
2516,256797,0.036237
2517,256715,0.036225
2518,256634,0.036214
2519,256539,0.036200
2520,256454,0.036188
2521,256381,0.036178
2522,256303,0.036167
2523,256233,0.036157
2524,256146,0.036145
2525,256065,0.036134
2526,255968,0.036120
2527,255890,0.036109
2528,255809,0.036097
2529,255709,0.036083
2530,255619,0.036071
2531,255536,0.036059
2532,255452,0.036047
2533,255366,0.036035
2534,255273,0.036022
2535,255212,0.036013
2536,255139,0.036003
2537,255061,0.035992
2538,254961,0.035978
2539,254869,0.035965
2540,254791,0.035954
2541,254710,0.035942
2542,254628,0.035931
2543,254560,0.035921
2544,254490,0.035911
2545,254403,0.035899
2546,254325,0.035888
2547,254242,0.035876
2548,254164,0.035865
2549,254087,0.035854
2550,254014,0.035844
2551,253938,0.035833
2552,253870,0.035824
2553,253786,0.035812
2554,253701,0.035800
2555,253611,0.035787
2556,253521,0.035775
2557,253439,0.035763
2558,253364,0.035752
2559,253279,0.035740
2560,253183,0.035727
2561,253094,0.035714
2562,253005,0.035702
2563,252927,0.035691
2564,252837,0.035678
2565,252763,0.035668
2566,252686,0.035657
2567,252595,0.035644
2568,252524,0.035634
2569,252447,0.035623
2570,252372,0.035612
2571,252301,0.035602
2572,252212,0.035590
2573,252137,0.035579
2574,252065,0.035569
2575,252007,0.035561
2576,251943,0.035552
2577,251875,0.035542
2578,251813,0.035534
2579,251744,0.035524
2580,251667,0.035513
2581,251584,0.035501
2582,251507,0.035490
2583,251424,0.035479
2584,251368,0.035471
2585,251282,0.035459
2586,251192,0.035446
2587,251118,0.035436
2588,251043,0.035425
2589,250951,0.035412
2590,250862,0.035399
2591,250771,0.035387
2592,250687,0.035375
2593,250598,0.035362
2594,250529,0.035352
2595,250454,0.035342
2596,250387,0.035332
2597,250318,0.035323
2598,250252,0.035313
2599,250185,0.035304
2600,250115,0.035294
2601,250025,0.035281
2602,249945,0.035270
2603,249877,0.035260
2604,249795,0.035249
2605,249721,0.035238
2606,249656,0.035229
2607,249569,0.035217
2608,249482,0.035205
2609,249415,0.035195
2610,249338,0.035184
2611,249255,0.035173
2612,249184,0.035163
2613,249103,0.035151
2614,249027,0.035140
2615,248943,0.035129
2616,248868,0.035118
2617,248787,0.035107
2618,248709,0.035096
2619,248633,0.035085
2620,248556,0.035074
2621,248484,0.035064
2622,248397,0.035052
2623,248316,0.035040
2624,248243,0.035030
2625,248174,0.035020
2626,248101,0.035010
2627,248019,0.034998
2628,247923,0.034985
2629,247838,0.034973
2630,247753,0.034961
2631,247674,0.034950
2632,247598,0.034939
2633,247513,0.034927
2634,247435,0.034916
2635,247383,0.034908
2636,247319,0.034899
2637,247243,0.034889
2638,247174,0.034879
2639,247107,0.034870
2640,247022,0.034858
2641,246939,0.034846
2642,246866,0.034835
2643,246792,0.034825
2644,246733,0.034817
2645,246665,0.034807
2646,246584,0.034796
2647,246513,0.034786
2648,246454,0.034777
2649,246396,0.034769
2650,246318,0.034758
2651,246255,0.034749
2652,246186,0.034740
2653,246124,0.034731
2654,246060,0.034722
2655,245977,0.034710
2656,245909,0.034700
2657,245843,0.034691
2658,245772,0.034681
2659,245702,0.034671
2660,245627,0.034661
2661,245550,0.034650
2662,245482,0.034640
2663,245398,0.034628
2664,245319,0.034617
2665,245240,0.034606
2666,245169,0.034596
2667,245079,0.034583
2668,245007,0.034573
2669,244925,0.034562
2670,244843,0.034550
2671,244776,0.034541
2672,244702,0.034530
2673,244628,0.034520
2674,244546,0.034508
2675,244473,0.034498
2676,244397,0.034487
2677,244324,0.034477
2678,244252,0.034467
2679,244182,0.034457
2680,244116,0.034447
2681,244060,0.034440
2682,243990,0.034430
2683,243910,0.034418
2684,243830,0.034407
2685,243774,0.034399
2686,243700,0.034389
2687,243628,0.034379
2688,243550,0.034368
2689,243490,0.034359
2690,243428,0.034350
2691,243357,0.034340
2692,243277,0.034329
2693,243203,0.034319
2694,243136,0.034309
2695,243074,0.034300
2696,243002,0.034290
2697,242919,0.034279
2698,242849,0.034269
2699,242757,0.034256
2700,242685,0.034246
2701,242612,0.034235
2702,242545,0.034226
2703,242476,0.034216
2704,242422,0.034208
2705,242341,0.034197
2706,242261,0.034186
2707,242195,0.034176
2708,242117,0.034165
2709,242041,0.034155
2710,241964,0.034144
2711,241890,0.034133
2712,241817,0.034123
2713,241743,0.034113
2714,241665,0.034102
2715,241609,0.034094
2716,241547,0.034085
2717,241477,0.034075
2718,241412,0.034066
2719,241346,0.034057
2720,241263,0.034045
2721,241175,0.034032
2722,241095,0.034021
2723,241024,0.034011
2724,240969,0.034003
2725,240903,0.033994
2726,240827,0.033983
2727,240733,0.033970
2728,240640,0.033957
2729,240550,0.033944
2730,240467,0.033933
2731,240381,0.033920
2732,240287,0.033907
2733,240206,0.033896
2734,240136,0.033886
2735,240071,0.033877
2736,239984,0.033864
2737,239909,0.033854
2738,239846,0.033845
2739,239785,0.033836
2740,239697,0.033824
2741,239604,0.033811
2742,239524,0.033799
2743,239443,0.033788
2744,239367,0.033777
2745,239303,0.033768
2746,239224,0.033757
2747,239147,0.033746
2748,239072,0.033736
2749,238990,0.033724
2750,238919,0.033714
2751,238829,0.033701
2752,238739,0.033689
2753,238667,0.033679
2754,238581,0.033666
2755,238503,0.033655
2756,238419,0.033644
2757,238350,0.033634
2758,238258,0.033621
2759,238186,0.033611
2760,238112,0.033600
2761,238033,0.033589
2762,237949,0.033577
2763,237861,0.033565
2764,237778,0.033553
2765,237691,0.033541
2766,237627,0.033532
2767,237535,0.033519
2768,237450,0.033507
2769,237374,0.033496
2770,237302,0.033486
2771,237236,0.033477
2772,237183,0.033469
2773,237118,0.033460
2774,237059,0.033452
2775,236977,0.033440
2776,236879,0.033426
2777,236805,0.033416
2778,236712,0.033403
2779,236646,0.033393
2780,236575,0.033383
2781,236483,0.033370
2782,236401,0.033359
2783,236318,0.033347
2784,236254,0.033338
2785,236180,0.033328
2786,236103,0.033317
2787,236040,0.033308
2788,235962,0.033297
2789,235894,0.033287
2790,235832,0.033278
2791,235759,0.033268
2792,235686,0.033258
2793,235611,0.033247
2794,235551,0.033239
2795,235458,0.033226
2796,235368,0.033213
2797,235292,0.033202
2798,235219,0.033192
2799,235142,0.033181
2800,235066,0.033170
2801,234997,0.033161
2802,234912,0.033149
2803,234827,0.033137
2804,234733,0.033123
2805,234646,0.033111
2806,234579,0.033102
2807,234487,0.033089
2808,234397,0.033076
2809,234328,0.033066
2810,234258,0.033056
2811,234195,0.033047
2812,234127,0.033038
2813,234056,0.033028
2814,233982,0.033017
2815,233904,0.033006
2816,233821,0.032995
2817,233731,0.032982
2818,233665,0.032973
2819,233595,0.032963
2820,233527,0.032953
2821,233454,0.032943
2822,233388,0.032934
2823,233314,0.032923
2824,233251,0.032914
2825,233194,0.032906
2826,233133,0.032898
2827,233068,0.032888
2828,233016,0.032881
2829,232939,0.032870
2830,232882,0.032862
2831,232816,0.032853
2832,232760,0.032845
2833,232703,0.032837
2834,232644,0.032829
2835,232580,0.032820
2836,232504,0.032809
2837,232433,0.032799
2838,232360,0.032789
2839,232292,0.032779
2840,232234,0.032771
2841,232187,0.032764
2842,232118,0.032754
2843,232049,0.032745
2844,231988,0.032736
2845,231927,0.032727
2846,231847,0.032716
2847,231768,0.032705
2848,231704,0.032696
2849,231641,0.032687
2850,231577,0.032678
2851,231507,0.032668
2852,231433,0.032658
2853,231373,0.032649
2854,231319,0.032642
2855,231255,0.032633
2856,231175,0.032621
2857,231107,0.032612
2858,231045,0.032603
2859,230980,0.032594
2860,230902,0.032583
2861,230830,0.032573
2862,230762,0.032563
2863,230681,0.032552
2864,230625,0.032544
2865,230555,0.032534
2866,230477,0.032523
2867,230422,0.032515
2868,230344,0.032504
2869,230289,0.032496
2870,230225,0.032487
2871,230165,0.032479
2872,230111,0.032471
2873,230064,0.032465
2874,230010,0.032457
2875,229950,0.032448
2876,229892,0.032440
2877,229816,0.032430
2878,229760,0.032422
2879,229710,0.032415
2880,229672,0.032409
2881,229606,0.032400
2882,229550,0.032392
2883,229470,0.032381
2884,229390,0.032369
2885,229327,0.032361
2886,229255,0.032350
2887,229192,0.032342
2888,229133,0.032333
2889,229092,0.032327
2890,229052,0.032322
2891,229001,0.032315
2892,228941,0.032306
2893,228883,0.032298
2894,228827,0.032290
2895,228774,0.032283
2896,228695,0.032271
2897,228634,0.032263
2898,228572,0.032254
2899,228519,0.032247
2900,228451,0.032237
2901,228391,0.032228
2902,228328,0.032220
2903,228263,0.032210
2904,228195,0.032201
2905,228145,0.032194
2906,228082,0.032185
2907,228010,0.032175
2908,227961,0.032168
2909,227900,0.032159
2910,227843,0.032151
2911,227778,0.032142
2912,227701,0.032131
2913,227628,0.032121
2914,227573,0.032113
2915,227509,0.032104
2916,227456,0.032097
2917,227398,0.032088
2918,227333,0.032079
2919,227280,0.032072
2920,227227,0.032064
2921,227173,0.032057
2922,227120,0.032049
2923,227055,0.032040
2924,226997,0.032032
2925,226934,0.032023
2926,226869,0.032014
2927,226809,0.032005
2928,226743,0.031996
2929,226694,0.031989
2930,226645,0.031982
2931,226571,0.031972
2932,226507,0.031963
2933,226450,0.031955
2934,226395,0.031947
2935,226338,0.031939
2936,226275,0.031930
2937,226224,0.031923
2938,226171,0.031915
2939,226115,0.031907
2940,226061,0.031900
2941,225995,0.031890
2942,225941,0.031883
2943,225886,0.031875
2944,225824,0.031866
2945,225765,0.031858
2946,225704,0.031849
2947,225644,0.031841
2948,225588,0.031833
2949,225529,0.031825
2950,225465,0.031816
2951,225406,0.031807
2952,225350,0.031799
2953,225301,0.031792
2954,225251,0.031785
2955,225191,0.031777
2956,225133,0.031769
2957,225064,0.031759
2958,225004,0.031751
2959,224940,0.031741
2960,224885,0.031734
2961,224830,0.031726
2962,224768,0.031717
2963,224706,0.031708
2964,224647,0.031700
2965,224587,0.031692
2966,224523,0.031683
2967,224466,0.031675
2968,224395,0.031665
2969,224335,0.031656
2970,224270,0.031647
2971,224213,0.031639
2972,224141,0.031629
2973,224085,0.031621
2974,224009,0.031610
2975,223944,0.031601
2976,223878,0.031592
2977,223811,0.031582
2978,223758,0.031575
2979,223701,0.031567
2980,223631,0.031557
2981,223580,0.031550
2982,223520,0.031541
2983,223462,0.031533
2984,223388,0.031522
2985,223328,0.031514
2986,223266,0.031505
2987,223189,0.031494
2988,223114,0.031484
2989,223044,0.031474
2990,222971,0.031464
2991,222884,0.031451
2992,222806,0.031440
2993,222740,0.031431
2994,222678,0.031422
2995,222616,0.031414
2996,222548,0.031404
2997,222502,0.031397
2998,222447,0.031390
2999,222387,0.031381
3000,222329,0.031373
3001,222263,0.031364
3002,222203,0.031355
3003,222144,0.031347
3004,222083,0.031338
3005,222024,0.031330
3006,221962,0.031321
3007,221901,0.031313
3008,221840,0.031304
3009,221789,0.031297
3010,221722,0.031287
3011,221670,0.031280
3012,221620,0.031273
3013,221559,0.031264
3014,221497,0.031256
3015,221441,0.031248
3016,221388,0.031240
3017,221329,0.031232
3018,221263,0.031223
3019,221206,0.031215
3020,221151,0.031207
3021,221084,0.031197
3022,221037,0.031191
3023,220971,0.031181
3024,220903,0.031172
3025,220856,0.031165
3026,220790,0.031156
3027,220745,0.031150
3028,220700,0.031143
3029,220634,0.031134
3030,220574,0.031125
3031,220514,0.031117
3032,220456,0.031109
3033,220389,0.031099
3034,220335,0.031092
3035,220276,0.031083
3036,220209,0.031074
3037,220149,0.031065
3038,220095,0.031058
3039,220038,0.031050
3040,219977,0.031041
3041,219913,0.031032
3042,219848,0.031023
3043,219802,0.031016
3044,219749,0.031009
3045,219684,0.031000
3046,219642,0.030994
3047,219577,0.030985
3048,219529,0.030978
3049,219454,0.030967
3050,219390,0.030958
3051,219349,0.030953
3052,219310,0.030947
3053,219262,0.030940
3054,219213,0.030933
3055,219166,0.030927
3056,219108,0.030919
3057,219045,0.030910
3058,218994,0.030902
3059,218938,0.030895
3060,218891,0.030888
3061,218841,0.030881
3062,218781,0.030872
3063,218726,0.030865
3064,218670,0.030857
3065,218611,0.030848
3066,218561,0.030841
3067,218505,0.030833
3068,218443,0.030825
3069,218382,0.030816
3070,218320,0.030807
3071,218270,0.030800
3072,218220,0.030793
3073,218174,0.030787
3074,218114,0.030778
3075,218049,0.030769
3076,217984,0.030760
3077,217932,0.030753
3078,217892,0.030747
3079,217836,0.030739
3080,217778,0.030731
3081,217732,0.030724
3082,217681,0.030717
3083,217632,0.030710
3084,217585,0.030704
3085,217524,0.030695
3086,217481,0.030689
3087,217424,0.030681
3088,217370,0.030673
3089,217313,0.030665
3090,217266,0.030659
3091,217208,0.030650
3092,217162,0.030644
3093,217098,0.030635
3094,217050,0.030628
3095,217005,0.030622
3096,216943,0.030613
3097,216885,0.030605
3098,216824,0.030596
3099,216759,0.030587
3100,216719,0.030581
3101,216668,0.030574
3102,216608,0.030566
3103,216552,0.030558
3104,216491,0.030549
3105,216437,0.030542
3106,216395,0.030536
3107,216326,0.030526
3108,216284,0.030520
3109,216235,0.030513
3110,216182,0.030506
3111,216127,0.030498
3112,216058,0.030488
3113,216008,0.030481
3114,215956,0.030474
3115,215904,0.030466
3116,215858,0.030460
3117,215804,0.030452
3118,215748,0.030444
3119,215692,0.030437
3120,215632,0.030428
3121,215582,0.030421
3122,215528,0.030413
3123,215478,0.030406
3124,215426,0.030399
3125,215365,0.030390
3126,215314,0.030383
3127,215263,0.030376
3128,215217,0.030369
3129,215170,0.030363
3130,215130,0.030357
3131,215083,0.030351
3132,215024,0.030342
3133,214981,0.030336
3134,214928,0.030329
3135,214870,0.030321
3136,214825,0.030314
3137,214776,0.030307
3138,214739,0.030302
3139,214687,0.030295
3140,214649,0.030289
3141,214595,0.030282
3142,214534,0.030273
3143,214482,0.030266
3144,214427,0.030258
3145,214371,0.030250
3146,214318,0.030243
3147,214238,0.030231
3148,214194,0.030225
3149,214136,0.030217
3150,214075,0.030208
3151,214012,0.030199
3152,213971,0.030194
3153,213921,0.030187
3154,213878,0.030181
3155,213826,0.030173
3156,213776,0.030166
3157,213722,0.030159
3158,213673,0.030152
3159,213627,0.030145
3160,213573,0.030137
3161,213516,0.030129
3162,213448,0.030120
3163,213391,0.030112
3164,213333,0.030104
3165,213277,0.030096
3166,213225,0.030088
3167,213173,0.030081
3168,213127,0.030075
3169,213072,0.030067
3170,213021,0.030060
3171,212961,0.030051
3172,212914,0.030044
3173,212847,0.030035
3174,212797,0.030028
3175,212733,0.030019
3176,212675,0.030011
3177,212612,0.030002
3178,212552,0.029993
3179,212500,0.029986
3180,212447,0.029979
3181,212399,0.029972
3182,212343,0.029964
3183,212277,0.029955
3184,212223,0.029947
3185,212170,0.029940
3186,212114,0.029932
3187,212049,0.029922
3188,211959,0.029910
3189,211895,0.029901
3190,211836,0.029892
3191,211772,0.029883
3192,211711,0.029875
3193,211641,0.029865
3194,211585,0.029857
3195,211528,0.029849
3196,211465,0.029840
3197,211416,0.029833
3198,211364,0.029826
3199,211304,0.029817
3200,211245,0.029809
3201,211187,0.029801
3202,211125,0.029792
3203,211074,0.029785
3204,211016,0.029777
3205,210977,0.029771
3206,210923,0.029764
3207,210873,0.029756
3208,210822,0.029749
3209,210769,0.029742
3210,210724,0.029735
3211,210668,0.029728
3212,210608,0.029719
3213,210570,0.029714
3214,210514,0.029706
3215,210472,0.029700
3216,210424,0.029693
3217,210362,0.029684
3218,210315,0.029678
3219,210257,0.029670
3220,210196,0.029661
3221,210148,0.029654
3222,210077,0.029644
3223,210019,0.029636
3224,209956,0.029627
3225,209897,0.029619
3226,209840,0.029611
3227,209782,0.029603
3228,209713,0.029593
3229,209648,0.029584
3230,209593,0.029576
3231,209539,0.029568
3232,209489,0.029561
3233,209430,0.029553
3234,209356,0.029542
3235,209305,0.029535
3236,209249,0.029527
3237,209193,0.029519
3238,209140,0.029512
3239,209091,0.029505
3240,209040,0.029498
3241,208986,0.029490
3242,208935,0.029483
3243,208889,0.029477
3244,208833,0.029469
3245,208767,0.029459
3246,208691,0.029449
3247,208626,0.029439
3248,208559,0.029430
3249,208504,0.029422
3250,208457,0.029416
3251,208387,0.029406
3252,208323,0.029397
3253,208266,0.029389
3254,208211,0.029381
3255,208139,0.029371
3256,208076,0.029362
3257,208018,0.029354
3258,207960,0.029345
3259,207904,0.029338
3260,207845,0.029329
3261,207785,0.029321
3262,207742,0.029315
3263,207687,0.029307
3264,207632,0.029299
3265,207588,0.029293
3266,207538,0.029286
3267,207483,0.029278
3268,207417,0.029269
3269,207378,0.029263
3270,207324,0.029256
3271,207269,0.029248
3272,207214,0.029240
3273,207150,0.029231
3274,207100,0.029224
3275,207053,0.029217
3276,207004,0.029211
3277,206967,0.029205
3278,206909,0.029197
3279,206874,0.029192
3280,206826,0.029185
3281,206769,0.029177
3282,206722,0.029171
3283,206678,0.029165
3284,206631,0.029158
3285,206575,0.029150
3286,206510,0.029141
3287,206453,0.029133
3288,206405,0.029126
3289,206366,0.029121
3290,206315,0.029113
3291,206270,0.029107
3292,206221,0.029100
3293,206172,0.029093
3294,206131,0.029087
3295,206094,0.029082
3296,206042,0.029075
3297,205988,0.029067
3298,205936,0.029060
3299,205891,0.029053
3300,205855,0.029048
3301,205793,0.029040
3302,205735,0.029031
3303,205661,0.029021
3304,205610,0.029014
3305,205564,0.029007
3306,205515,0.029000
3307,205465,0.028993
3308,205414,0.028986
3309,205368,0.028980
3310,205327,0.028974
3311,205271,0.028966
3312,205223,0.028959
3313,205167,0.028951
3314,205128,0.028946
3315,205085,0.028940
3316,205034,0.028933
3317,204990,0.028926
3318,204938,0.028919
3319,204884,0.028911
3320,204840,0.028905
3321,204791,0.028898
3322,204736,0.028890
3323,204689,0.028884
3324,204642,0.028877
3325,204593,0.028870
3326,204550,0.028864
3327,204501,0.028857
3328,204454,0.028851
3329,204394,0.028842
3330,204337,0.028834
3331,204294,0.028828
3332,204237,0.028820
3333,204179,0.028812
3334,204124,0.028804
3335,204076,0.028797
3336,204019,0.028789
3337,203962,0.028781
3338,203895,0.028772
3339,203840,0.028764
3340,203788,0.028757
3341,203740,0.028750
3342,203695,0.028744
3343,203657,0.028738
3344,203612,0.028732
3345,203562,0.028725
3346,203520,0.028719
3347,203483,0.028714
3348,203433,0.028707
3349,203393,0.028701
3350,203346,0.028694
3351,203300,0.028688
3352,203247,0.028680
3353,203197,0.028673
3354,203156,0.028668
3355,203123,0.028663
3356,203083,0.028657
3357,203034,0.028650
3358,202993,0.028645
3359,202944,0.028638
3360,202899,0.028631
3361,202859,0.028626
3362,202821,0.028620
3363,202781,0.028615
3364,202744,0.028609
3365,202705,0.028604
3366,202655,0.028597
3367,202607,0.028590
3368,202565,0.028584
3369,202515,0.028577
3370,202465,0.028570
3371,202421,0.028564
3372,202379,0.028558
3373,202341,0.028553
3374,202295,0.028546
3375,202252,0.028540
3376,202214,0.028535
3377,202172,0.028529
3378,202125,0.028522
3379,202080,0.028516
3380,202023,0.028508
3381,201979,0.028501
3382,201936,0.028495
3383,201894,0.028489
3384,201848,0.028483
3385,201810,0.028478
3386,201768,0.028472
3387,201698,0.028462
3388,201647,0.028455
3389,201594,0.028447
3390,201540,0.028440
3391,201492,0.028433
3392,201446,0.028426
3393,201394,0.028419
3394,201341,0.028411
3395,201276,0.028402
3396,201216,0.028394
3397,201162,0.028386
3398,201103,0.028378
3399,201046,0.028370
3400,200991,0.028362
3401,200938,0.028355
3402,200874,0.028346
3403,200826,0.028339
3404,200770,0.028331
3405,200711,0.028323
3406,200667,0.028316
3407,200617,0.028309
3408,200576,0.028303
3409,200528,0.028297
3410,200480,0.028290
3411,200437,0.028284
3412,200404,0.028279
3413,200363,0.028273
3414,200304,0.028265
3415,200267,0.028260
3416,200217,0.028253
3417,200176,0.028247
3418,200126,0.028240
3419,200082,0.028234
3420,200047,0.028229
3421,200006,0.028223
3422,199964,0.028217
3423,199913,0.028210
3424,199853,0.028201
3425,199795,0.028193
3426,199757,0.028188
3427,199728,0.028184
3428,199677,0.028177
3429,199644,0.028172
3430,199602,0.028166
3431,199567,0.028161
3432,199534,0.028156
3433,199499,0.028151
3434,199453,0.028145
3435,199405,0.028138
3436,199370,0.028133
3437,199327,0.028127
3438,199288,0.028122
3439,199245,0.028116
3440,199208,0.028110
3441,199174,0.028106
3442,199116,0.028097
3443,199075,0.028092
3444,199028,0.028085
3445,198982,0.028079
3446,198940,0.028073
3447,198899,0.028067
3448,198867,0.028062
3449,198822,0.028056
3450,198776,0.028049
3451,198735,0.028044
3452,198687,0.028037
3453,198644,0.028031
3454,198586,0.028023
3455,198536,0.028016
3456,198482,0.028008
3457,198432,0.028001
3458,198385,0.027994
3459,198333,0.027987
3460,198285,0.027980
3461,198228,0.027972
3462,198186,0.027966
3463,198135,0.027959
3464,198096,0.027954
3465,198054,0.027948
3466,198003,0.027940
3467,197951,0.027933
3468,197905,0.027927
3469,197850,0.027919
3470,197797,0.027911
3471,197761,0.027906
3472,197707,0.027899
3473,197669,0.027893
3474,197619,0.027886
3475,197584,0.027881
3476,197530,0.027874
3477,197481,0.027867
3478,197429,0.027859
3479,197379,0.027852
3480,197336,0.027846
3481,197299,0.027841
3482,197254,0.027835
3483,197209,0.027828
3484,197161,0.027822
3485,197107,0.027814
3486,197058,0.027807
3487,197005,0.027800
3488,196938,0.027790
3489,196864,0.027780
3490,196804,0.027771
3491,196742,0.027762
3492,196688,0.027755
3493,196633,0.027747
3494,196584,0.027740
3495,196552,0.027736
3496,196502,0.027729
3497,196455,0.027722
3498,196411,0.027716
3499,196365,0.027709
3500,196306,0.027701
3501,196267,0.027695
3502,196216,0.027688
3503,196158,0.027680
3504,196107,0.027673
3505,196044,0.027664
3506,195991,0.027656
3507,195947,0.027650
3508,195891,0.027642
3509,195846,0.027636
3510,195779,0.027627
3511,195730,0.027620
3512,195685,0.027613
3513,195653,0.027609
3514,195614,0.027603
3515,195568,0.027597
3516,195529,0.027591
3517,195490,0.027586
3518,195441,0.027579
3519,195386,0.027571
3520,195339,0.027564
3521,195296,0.027558
3522,195258,0.027553
3523,195213,0.027547
3524,195165,0.027540
3525,195126,0.027534
3526,195061,0.027525
3527,195017,0.027519
3528,194966,0.027512
3529,194929,0.027507
3530,194886,0.027501
3531,194840,0.027494
3532,194799,0.027488
3533,194753,0.027482
3534,194715,0.027476
3535,194663,0.027469
3536,194610,0.027462
3537,194558,0.027454
3538,194511,0.027448
3539,194467,0.027441
3540,194436,0.027437
3541,194378,0.027429
3542,194331,0.027422
3543,194286,0.027416
3544,194257,0.027412
3545,194212,0.027405
3546,194172,0.027400
3547,194138,0.027395
3548,194093,0.027389
3549,194049,0.027382
3550,194008,0.027377
3551,193970,0.027371
3552,193936,0.027366
3553,193895,0.027361
3554,193857,0.027355
3555,193821,0.027350
3556,193779,0.027344
3557,193745,0.027340
3558,193705,0.027334
3559,193677,0.027330
3560,193645,0.027325
3561,193611,0.027321
3562,193570,0.027315
3563,193532,0.027309
3564,193506,0.027306
3565,193466,0.027300
3566,193433,0.027296
3567,193397,0.027290
3568,193361,0.027285
3569,193316,0.027279
3570,193283,0.027274
3571,193244,0.027269
3572,193203,0.027263
3573,193154,0.027256
3574,193122,0.027252
3575,193093,0.027248
3576,193054,0.027242
3577,193013,0.027236
3578,192974,0.027231
3579,192936,0.027225
3580,192895,0.027220
3581,192863,0.027215
3582,192830,0.027210
3583,192789,0.027205
3584,192752,0.027199
3585,192711,0.027194
3586,192666,0.027187
3587,192624,0.027181
3588,192590,0.027177
3589,192561,0.027172
3590,192518,0.027166
3591,192481,0.027161
3592,192440,0.027155
3593,192399,0.027150
3594,192369,0.027145
3595,192324,0.027139
3596,192298,0.027135
3597,192267,0.027131
3598,192243,0.027128
3599,192210,0.027123
3600,192175,0.027118
3601,192135,0.027112
3602,192104,0.027108
3603,192068,0.027103
3604,192034,0.027098
3605,191983,0.027091
3606,191948,0.027086
3607,191910,0.027081
3608,191868,0.027075
3609,191830,0.027069
3610,191786,0.027063
3611,191750,0.027058
3612,191717,0.027053
3613,191687,0.027049
3614,191657,0.027045
3615,191620,0.027040
3616,191589,0.027035
3617,191549,0.027030
3618,191516,0.027025
3619,191487,0.027021
3620,191456,0.027017
3621,191425,0.027012
3622,191395,0.027008
3623,191361,0.027003
3624,191318,0.026997
3625,191288,0.026993
3626,191257,0.026988
3627,191218,0.026983
3628,191179,0.026977
3629,191135,0.026971
3630,191102,0.026967
3631,191071,0.026962
3632,191039,0.026958
3633,191003,0.026953
3634,190967,0.026948
3635,190934,0.026943
3636,190886,0.026936
3637,190844,0.026930
3638,190808,0.026925
3639,190770,0.026920
3640,190736,0.026915
3641,190703,0.026910
3642,190668,0.026905
3643,190631,0.026900
3644,190592,0.026895
3645,190556,0.026890
3646,190500,0.026882
3647,190449,0.026874
3648,190401,0.026868
3649,190358,0.026862
3650,190309,0.026855
3651,190265,0.026848
3652,190222,0.026842
3653,190187,0.026837
3654,190146,0.026832
3655,190098,0.026825
3656,190063,0.026820
3657,190014,0.026813
3658,189971,0.026807
3659,189923,0.026800
3660,189866,0.026792
3661,189829,0.026787
3662,189794,0.026782
3663,189757,0.026777
3664,189713,0.026771
3665,189670,0.026765
3666,189617,0.026757
3667,189563,0.026749
3668,189522,0.026744
3669,189484,0.026738
3670,189453,0.026734
3671,189412,0.026728
3672,189384,0.026724
3673,189339,0.026718
3674,189294,0.026711
3675,189254,0.026706
3676,189217,0.026701
3677,189175,0.026695
3678,189138,0.026689
3679,189103,0.026685
3680,189067,0.026679
3681,189027,0.026674
3682,188994,0.026669
3683,188963,0.026665
3684,188932,0.026660
3685,188896,0.026655
3686,188857,0.026650
3687,188818,0.026644
3688,188784,0.026639
3689,188745,0.026634
3690,188709,0.026629
3691,188659,0.026622
3692,188618,0.026616
3693,188564,0.026608
3694,188514,0.026601
3695,188469,0.026595
3696,188433,0.026590
3697,188407,0.026586
3698,188368,0.026581
3699,188334,0.026576
3700,188285,0.026569
3701,188245,0.026563
3702,188194,0.026556
3703,188149,0.026550
3704,188110,0.026544
3705,188077,0.026540
3706,188036,0.026534
3707,188001,0.026529
3708,187963,0.026524
3709,187935,0.026520
3710,187892,0.026514
3711,187858,0.026509
3712,187820,0.026503
3713,187779,0.026498
3714,187750,0.026494
3715,187716,0.026489
3716,187660,0.026481
3717,187614,0.026474
3718,187576,0.026469
3719,187536,0.026463
3720,187506,0.026459
3721,187478,0.026455
3722,187450,0.026451
3723,187420,0.026447
3724,187398,0.026444
3725,187371,0.026440
3726,187350,0.026437
3727,187321,0.026433
3728,187287,0.026428
3729,187260,0.026424
3730,187224,0.026419
3731,187182,0.026413
3732,187149,0.026409
3733,187107,0.026403
3734,187082,0.026399
3735,187049,0.026395
3736,187012,0.026389
3737,186983,0.026385
3738,186962,0.026382
3739,186931,0.026378
3740,186905,0.026374
3741,186879,0.026371
3742,186842,0.026365
3743,186806,0.026360
3744,186772,0.026356
3745,186737,0.026351
3746,186703,0.026346
3747,186662,0.026340
3748,186621,0.026334
3749,186585,0.026329
3750,186546,0.026324
3751,186499,0.026317
3752,186461,0.026312
3753,186411,0.026305
3754,186377,0.026300
3755,186345,0.026295
3756,186313,0.026291
3757,186270,0.026285
3758,186232,0.026279
3759,186197,0.026274
3760,186154,0.026268
3761,186122,0.026264
3762,186090,0.026259
3763,186055,0.026254
3764,186011,0.026248
3765,185974,0.026243
3766,185937,0.026238
3767,185903,0.026233
3768,185873,0.026229
3769,185835,0.026223
3770,185796,0.026218
3771,185765,0.026213
3772,185738,0.026210
3773,185691,0.026203
3774,185663,0.026199
3775,185636,0.026195
3776,185608,0.026191
3777,185575,0.026187
3778,185541,0.026182
3779,185493,0.026175
3780,185456,0.026170
3781,185420,0.026165
3782,185384,0.026160
3783,185353,0.026155
3784,185315,0.026150
3785,185287,0.026146
3786,185244,0.026140
3787,185211,0.026135
3788,185186,0.026132
3789,185156,0.026128
3790,185127,0.026123
3791,185100,0.026120
3792,185075,0.026116
3793,185043,0.026112
3794,185013,0.026107
3795,184990,0.026104
3796,184965,0.026101
3797,184929,0.026096
3798,184885,0.026089
3799,184846,0.026084
3800,184795,0.026077
3801,184760,0.026072
3802,184735,0.026068
3803,184697,0.026063
3804,184665,0.026058
3805,184645,0.026055
3806,184613,0.026051
3807,184593,0.026048
3808,184555,0.026043
3809,184528,0.026039
3810,184497,0.026035
3811,184477,0.026032
3812,184447,0.026027
3813,184422,0.026024
3814,184387,0.026019
3815,184356,0.026015
3816,184327,0.026011
3817,184290,0.026005
3818,184263,0.026002
3819,184236,0.025998
3820,184194,0.025992
3821,184144,0.025985
3822,184114,0.025981
3823,184077,0.025975
3824,184035,0.025969
3825,183989,0.025963
3826,183945,0.025957
3827,183911,0.025952
3828,183876,0.025947
3829,183836,0.025941
3830,183803,0.025937
3831,183764,0.025931
3832,183744,0.025928
3833,183694,0.025921
3834,183668,0.025918
3835,183627,0.025912
3836,183590,0.025907
3837,183559,0.025902
3838,183525,0.025897
3839,183494,0.025893
3840,183462,0.025888
3841,183437,0.025885
3842,183409,0.025881
3843,183377,0.025877
3844,183350,0.025873
3845,183326,0.025869
3846,183294,0.025865
3847,183263,0.025860
3848,183225,0.025855
3849,183207,0.025853
3850,183180,0.025849
3851,183151,0.025845
3852,183117,0.025840
3853,183091,0.025836
3854,183052,0.025831
3855,183019,0.025826
3856,182987,0.025821
3857,182964,0.025818
3858,182944,0.025815
3859,182916,0.025811
3860,182883,0.025807
3861,182847,0.025802
3862,182821,0.025798
3863,182789,0.025794
3864,182754,0.025789
3865,182731,0.025785
3866,182698,0.025781
3867,182673,0.025777
3868,182653,0.025774
3869,182626,0.025771
3870,182597,0.025766
3871,182579,0.025764
3872,182555,0.025761
3873,182530,0.025757
3874,182497,0.025752
3875,182472,0.025749
3876,182436,0.025744
3877,182408,0.025740
3878,182381,0.025736
3879,182356,0.025732
3880,182326,0.025728
3881,182292,0.025723
3882,182256,0.025718
3883,182230,0.025715
3884,182207,0.025711
3885,182182,0.025708
3886,182157,0.025704
3887,182132,0.025701
3888,182104,0.025697
3889,182078,0.025693
3890,182045,0.025689
3891,182019,0.025685
3892,181987,0.025680
3893,181965,0.025677
3894,181933,0.025673
3895,181895,0.025667
3896,181870,0.025664
3897,181843,0.025660
3898,181807,0.025655
3899,181777,0.025651
3900,181753,0.025647
3901,181725,0.025643
3902,181699,0.025640
3903,181666,0.025635
3904,181632,0.025630
3905,181608,0.025627
3906,181578,0.025623
3907,181551,0.025619
3908,181525,0.025615
3909,181493,0.025611
3910,181470,0.025607
3911,181440,0.025603
3912,181405,0.025598
3913,181379,0.025595
3914,181353,0.025591
3915,181324,0.025587
3916,181290,0.025582
3917,181263,0.025578
3918,181238,0.025575
3919,181207,0.025570
3920,181178,0.025566
3921,181153,0.025563
3922,181120,0.025558
3923,181087,0.025553
3924,181065,0.025550
3925,181034,0.025546
3926,181003,0.025542
3927,180981,0.025538
3928,180944,0.025533
3929,180909,0.025528
3930,180885,0.025525
3931,180865,0.025522
3932,180842,0.025519
3933,180812,0.025515
3934,180785,0.025511
3935,180751,0.025506
3936,180722,0.025502
3937,180690,0.025497
3938,180658,0.025493
3939,180632,0.025489
3940,180610,0.025486
3941,180586,0.025483
3942,180560,0.025479
3943,180533,0.025475
3944,180496,0.025470
3945,180473,0.025467
3946,180441,0.025462
3947,180419,0.025459
3948,180394,0.025456
3949,180368,0.025452
3950,180340,0.025448
3951,180314,0.025444
3952,180278,0.025439
3953,180249,0.025435
3954,180212,0.025430
3955,180192,0.025427
3956,180166,0.025423
3957,180147,0.025421
3958,180129,0.025418
3959,180100,0.025414
3960,180079,0.025411
3961,180044,0.025406
3962,180021,0.025403
3963,179994,0.025399
3964,179962,0.025395
3965,179928,0.025390
3966,179908,0.025387
3967,179890,0.025384
3968,179863,0.025381
3969,179830,0.025376
3970,179796,0.025371
3971,179766,0.025367
3972,179743,0.025364
3973,179721,0.025361
3974,179693,0.025357
3975,179665,0.025353
3976,179634,0.025348
3977,179612,0.025345
3978,179591,0.025342
3979,179561,0.025338
3980,179531,0.025334
3981,179505,0.025330
3982,179479,0.025326
3983,179444,0.025322
3984,179422,0.025318
3985,179397,0.025315
3986,179364,0.025310
3987,179324,0.025305
3988,179303,0.025302
3989,179268,0.025297
3990,179237,0.025292
3991,179221,0.025290
3992,179194,0.025286
3993,179168,0.025283
3994,179143,0.025279
3995,179119,0.025276
3996,179093,0.025272
3997,179063,0.025268
3998,179038,0.025264
3999,179007,0.025260
4000,178977,0.025256
4001,178957,0.025253
4002,178932,0.025249
4003,178902,0.025245
4004,178877,0.025242
4005,178857,0.025239
4006,178831,0.025235
4007,178803,0.025231
4008,178780,0.025228
4009,178758,0.025225
4010,178732,0.025221
4011,178710,0.025218
4012,178691,0.025215
4013,178668,0.025212
4014,178645,0.025209
4015,178621,0.025205
4016,178600,0.025202
4017,178580,0.025200
4018,178554,0.025196
4019,178534,0.025193
4020,178517,0.025191
4021,178487,0.025186
4022,178455,0.025182
4023,178424,0.025178
4024,178404,0.025175
4025,178372,0.025170
4026,178349,0.025167
4027,178325,0.025164
4028,178303,0.025161
4029,178274,0.025156
4030,178245,0.025152
4031,178220,0.025149
4032,178198,0.025146
4033,178173,0.025142
4034,178149,0.025139
4035,178127,0.025136
4036,178105,0.025133
4037,178081,0.025129
4038,178052,0.025125
4039,178021,0.025121
4040,177990,0.025116
4041,177960,0.025112
4042,177923,0.025107
4043,177896,0.025103
4044,177871,0.025100
4045,177846,0.025096
4046,177824,0.025093
4047,177801,0.025090
4048,177772,0.025086
4049,177746,0.025082
4050,177717,0.025078
4051,177690,0.025074
4052,177665,0.025070
4053,177633,0.025066
4054,177602,0.025062
4055,177572,0.025057
4056,177546,0.025054
4057,177517,0.025050
4058,177482,0.025045
4059,177449,0.025040
4060,177414,0.025035
4061,177390,0.025032
4062,177361,0.025028
4063,177333,0.025024
4064,177311,0.025021
4065,177282,0.025016
4066,177267,0.025014
4067,177241,0.025011
4068,177213,0.025007
4069,177188,0.025003
4070,177162,0.024999
4071,177137,0.024996
4072,177109,0.024992
4073,177086,0.024989
4074,177065,0.024986
4075,177047,0.024983
4076,177025,0.024980
4077,176999,0.024976
4078,176972,0.024973
4079,176953,0.024970
4080,176921,0.024965
4081,176902,0.024963
4082,176881,0.024960
4083,176853,0.024956
4084,176830,0.024953
4085,176809,0.024950
4086,176777,0.024945
4087,176751,0.024942
4088,176728,0.024938
4089,176702,0.024935
4090,176683,0.024932
4091,176667,0.024930
4092,176643,0.024926
4093,176627,0.024924
4094,176600,0.024920
4095,176571,0.024916
4096,176550,0.024913
4097,176532,0.024911
4098,176512,0.024908
4099,176489,0.024905
4100,176471,0.024902
4101,176453,0.024899
4102,176426,0.024896
4103,176390,0.024891
4104,176357,0.024886
4105,176335,0.024883
4106,176311,0.024879
4107,176288,0.024876
4108,176264,0.024873
4109,176243,0.024870
4110,176226,0.024867
4111,176197,0.024863
4112,176168,0.024859
4113,176151,0.024857
4114,176132,0.024854
4115,176112,0.024851
4116,176090,0.024848
4117,176068,0.024845
4118,176048,0.024842
4119,176027,0.024839
4120,176001,0.024836
4121,175985,0.024833
4122,175961,0.024830
4123,175934,0.024826
4124,175909,0.024823
4125,175880,0.024819
4126,175855,0.024815
4127,175834,0.024812
4128,175818,0.024810
4129,175791,0.024806
4130,175767,0.024803
4131,175749,0.024800
4132,175724,0.024797
4133,175700,0.024793
4134,175678,0.024790
4135,175652,0.024786
4136,175630,0.024783
4137,175608,0.024780
4138,175585,0.024777
4139,175555,0.024773
4140,175538,0.024770
4141,175526,0.024769
4142,175505,0.024766
4143,175485,0.024763
4144,175469,0.024761
4145,175448,0.024758
4146,175427,0.024755
4147,175405,0.024752
4148,175380,0.024748
4149,175369,0.024746
4150,175343,0.024743
4151,175323,0.024740
4152,175304,0.024737
4153,175280,0.024734
4154,175250,0.024730
4155,175228,0.024727
4156,175216,0.024725
4157,175198,0.024722
4158,175173,0.024719
4159,175151,0.024716
4160,175130,0.024713
4161,175110,0.024710
4162,175083,0.024706
4163,175061,0.024703
4164,175034,0.024699
4165,175012,0.024696
4166,174976,0.024691
4167,174947,0.024687
4168,174906,0.024681
4169,174873,0.024676
4170,174851,0.024673
4171,174817,0.024669
4172,174790,0.024665
4173,174771,0.024662
4174,174748,0.024659
4175,174722,0.024655
4176,174701,0.024652
4177,174664,0.024647
4178,174647,0.024645
4179,174613,0.024640
4180,174584,0.024636
4181,174554,0.024631
4182,174534,0.024629
4183,174514,0.024626
4184,174492,0.024623
4185,174472,0.024620
4186,174453,0.024617
4187,174431,0.024614
4188,174404,0.024610
4189,174377,0.024607
4190,174357,0.024604
4191,174329,0.024600
4192,174302,0.024596
4193,174277,0.024592
4194,174251,0.024589
4195,174230,0.024586
4196,174208,0.024583
4197,174176,0.024578
4198,174148,0.024574
4199,174125,0.024571
4200,174104,0.024568
4201,174079,0.024564
4202,174056,0.024561
4203,174034,0.024558
4204,174009,0.024555
4205,173986,0.024551
4206,173962,0.024548
4207,173935,0.024544
4208,173910,0.024541
4209,173888,0.024538
4210,173874,0.024536
4211,173848,0.024532
4212,173826,0.024529
4213,173813,0.024527
4214,173785,0.024523
4215,173773,0.024521
4216,173751,0.024518
4217,173728,0.024515
4218,173707,0.024512
4219,173686,0.024509
4220,173660,0.024505
4221,173635,0.024502
4222,173619,0.024500
4223,173593,0.024496
4224,173551,0.024490
4225,173530,0.024487
4226,173504,0.024483
4227,173485,0.024481
4228,173463,0.024478
4229,173451,0.024476
4230,173432,0.024473
4231,173408,0.024470
4232,173386,0.024467
4233,173360,0.024463
4234,173344,0.024461
4235,173329,0.024459
4236,173309,0.024456
4237,173288,0.024453
4238,173270,0.024450
4239,173244,0.024447
4240,173220,0.024443
4241,173204,0.024441
4242,173186,0.024438
4243,173171,0.024436
4244,173148,0.024433
4245,173130,0.024431
4246,173109,0.024428
4247,173091,0.024425
4248,173067,0.024422
4249,173049,0.024419
4250,173021,0.024415
4251,172992,0.024411
4252,172976,0.024409
4253,172952,0.024405
4254,172933,0.024403
4255,172908,0.024399
4256,172891,0.024397
4257,172874,0.024394
4258,172857,0.024392
4259,172827,0.024388
4260,172802,0.024384
4261,172781,0.024381
4262,172763,0.024379
4263,172743,0.024376
4264,172718,0.024372
4265,172700,0.024370
4266,172683,0.024367
4267,172649,0.024363
4268,172622,0.024359
4269,172594,0.024355
4270,172575,0.024352
4271,172547,0.024348
4272,172516,0.024344
4273,172494,0.024341
4274,172468,0.024337
4275,172439,0.024333
4276,172421,0.024330
4277,172402,0.024328
4278,172383,0.024325
4279,172355,0.024321
4280,172335,0.024318
4281,172313,0.024315
4282,172292,0.024312
4283,172265,0.024308
4284,172240,0.024305
4285,172215,0.024301
4286,172192,0.024298
4287,172178,0.024296
4288,172162,0.024294
4289,172136,0.024290
4290,172109,0.024286
4291,172081,0.024283
4292,172061,0.024280
4293,172043,0.024277
4294,172020,0.024274
4295,171995,0.024270
4296,171971,0.024267
4297,171948,0.024264
4298,171934,0.024262
4299,171910,0.024258
4300,171883,0.024255
4301,171852,0.024250
4302,171825,0.024246
4303,171801,0.024243
4304,171777,0.024240
4305,171748,0.024236
4306,171725,0.024232
4307,171691,0.024227
4308,171669,0.024224
4309,171637,0.024220
4310,171619,0.024217
4311,171597,0.024214
4312,171576,0.024211
4313,171557,0.024209
4314,171540,0.024206
4315,171517,0.024203
4316,171489,0.024199
4317,171464,0.024195
4318,171440,0.024192
4319,171411,0.024188
4320,171395,0.024186
4321,171368,0.024182
4322,171346,0.024179
4323,171327,0.024176
4324,171303,0.024173
4325,171281,0.024170
4326,171259,0.024167
4327,171230,0.024162
4328,171208,0.024159
4329,171190,0.024157
4330,171164,0.024153
4331,171145,0.024150
4332,171120,0.024147
4333,171095,0.024143
4334,171075,0.024141
4335,171049,0.024137
4336,171031,0.024134
4337,171010,0.024131
4338,170998,0.024130
4339,170970,0.024126
4340,170944,0.024122
4341,170923,0.024119
4342,170900,0.024116
4343,170871,0.024112
4344,170849,0.024109
4345,170824,0.024105
4346,170789,0.024100
4347,170760,0.024096
4348,170730,0.024092
4349,170702,0.024088
4350,170677,0.024084
4351,170659,0.024082
4352,170630,0.024078
4353,170603,0.024074
4354,170578,0.024070
4355,170547,0.024066
4356,170524,0.024063
4357,170497,0.024059
4358,170477,0.024056
4359,170450,0.024052
4360,170430,0.024050
4361,170403,0.024046
4362,170373,0.024041
4363,170344,0.024037
4364,170319,0.024034
4365,170293,0.024030
4366,170267,0.024027
4367,170236,0.024022
4368,170205,0.024018
4369,170174,0.024013
4370,170155,0.024011
4371,170124,0.024006
4372,170100,0.024003
4373,170067,0.023998
4374,170036,0.023994
4375,170003,0.023989
4376,169981,0.023986
4377,169953,0.023982
4378,169927,0.023979
4379,169905,0.023975
4380,169883,0.023972
4381,169864,0.023970
4382,169838,0.023966
4383,169817,0.023963
4384,169790,0.023959
4385,169767,0.023956
4386,169751,0.023954
4387,169731,0.023951
4388,169714,0.023949
4389,169687,0.023945
4390,169663,0.023941
4391,169639,0.023938
4392,169617,0.023935
4393,169598,0.023932
4394,169575,0.023929
4395,169553,0.023926
4396,169537,0.023924
4397,169506,0.023919
4398,169483,0.023916
4399,169464,0.023913
4400,169446,0.023911
4401,169425,0.023908
4402,169407,0.023905
4403,169384,0.023902
4404,169363,0.023899
4405,169345,0.023896
4406,169323,0.023893
4407,169300,0.023890
4408,169282,0.023888
4409,169261,0.023885
4410,169234,0.023881
4411,169212,0.023878
4412,169189,0.023874
4413,169172,0.023872
4414,169154,0.023869
4415,169133,0.023867
4416,169114,0.023864
4417,169092,0.023861
4418,169065,0.023857
4419,169041,0.023854
4420,169017,0.023850
4421,168999,0.023848
4422,168969,0.023843
4423,168944,0.023840
4424,168922,0.023837
4425,168898,0.023833
4426,168865,0.023829
4427,168832,0.023824
4428,168806,0.023820
4429,168785,0.023817
4430,168768,0.023815
4431,168743,0.023811
4432,168722,0.023809
4433,168692,0.023804
4434,168670,0.023801
4435,168646,0.023798
4436,168622,0.023794
4437,168602,0.023792
4438,168572,0.023787
4439,168545,0.023784
4440,168532,0.023782
4441,168511,0.023779
4442,168496,0.023777
4443,168481,0.023775
4444,168461,0.023772
4445,168441,0.023769
4446,168402,0.023763
4447,168378,0.023760
4448,168352,0.023756
4449,168332,0.023753
4450,168310,0.023750
4451,168293,0.023748
4452,168274,0.023745
4453,168239,0.023740
4454,168215,0.023737
4455,168196,0.023734
4456,168175,0.023731
4457,168152,0.023728
4458,168134,0.023726
4459,168116,0.023723
4460,168095,0.023720
4461,168076,0.023717
4462,168053,0.023714
4463,168034,0.023711
4464,168017,0.023709
4465,167995,0.023706
4466,167975,0.023703
4467,167958,0.023701
4468,167941,0.023698
4469,167917,0.023695
4470,167881,0.023690
4471,167851,0.023686
4472,167817,0.023681
4473,167789,0.023677
4474,167768,0.023674
4475,167744,0.023671
4476,167722,0.023667
4477,167702,0.023665
4478,167690,0.023663
4479,167674,0.023661
4480,167653,0.023658
4481,167631,0.023655
4482,167612,0.023652
4483,167593,0.023649
4484,167573,0.023646
4485,167539,0.023642
4486,167514,0.023638
4487,167490,0.023635
4488,167465,0.023631
4489,167443,0.023628
4490,167418,0.023625
4491,167395,0.023621
4492,167372,0.023618
4493,167347,0.023614
4494,167318,0.023610
4495,167296,0.023607
4496,167281,0.023605
4497,167269,0.023603
4498,167248,0.023601
4499,167228,0.023598
4500,167208,0.023595
4501,167191,0.023592
4502,167174,0.023590
4503,167150,0.023587
4504,167121,0.023583
4505,167101,0.023580
4506,167079,0.023577
4507,167055,0.023573
4508,167037,0.023571
4509,167007,0.023567
4510,166985,0.023563
4511,166965,0.023561
4512,166952,0.023559
4513,166936,0.023556
4514,166926,0.023555
4515,166905,0.023552
4516,166892,0.023550
4517,166870,0.023547
4518,166850,0.023544
4519,166835,0.023542
4520,166809,0.023539
4521,166789,0.023536
4522,166771,0.023533
4523,166755,0.023531
4524,166737,0.023528
4525,166722,0.023526
4526,166698,0.023523
4527,166675,0.023520
4528,166650,0.023516
4529,166635,0.023514
4530,166614,0.023511
4531,166589,0.023508
4532,166573,0.023505
4533,166548,0.023502
4534,166524,0.023498
4535,166505,0.023496
4536,166489,0.023493
4537,166462,0.023490
4538,166444,0.023487
4539,166418,0.023483
4540,166401,0.023481
4541,166379,0.023478
4542,166364,0.023476
4543,166346,0.023473
4544,166325,0.023470
4545,166305,0.023467
4546,166286,0.023465
4547,166263,0.023462
4548,166244,0.023459
4549,166229,0.023457
4550,166211,0.023454
4551,166197,0.023452
4552,166179,0.023450
4553,166155,0.023446
4554,166137,0.023444
4555,166113,0.023440
4556,166098,0.023438
4557,166084,0.023436
4558,166063,0.023433
4559,166045,0.023431
4560,166026,0.023428
4561,166011,0.023426
4562,165988,0.023423
4563,165970,0.023420
4564,165947,0.023417
4565,165925,0.023414
4566,165901,0.023410
4567,165884,0.023408
4568,165862,0.023405
4569,165839,0.023402
4570,165822,0.023399
4571,165807,0.023397
4572,165783,0.023394
4573,165763,0.023391
4574,165749,0.023389
4575,165731,0.023386
4576,165714,0.023384
4577,165698,0.023382
4578,165678,0.023379
4579,165664,0.023377
4580,165641,0.023374
4581,165615,0.023370
4582,165592,0.023367
4583,165579,0.023365
4584,165550,0.023361
4585,165539,0.023359
4586,165521,0.023357
4587,165506,0.023355
4588,165483,0.023351
4589,165465,0.023349
4590,165448,0.023347
4591,165428,0.023344
4592,165412,0.023341
4593,165399,0.023340
4594,165379,0.023337
4595,165351,0.023333
4596,165335,0.023331
4597,165312,0.023327
4598,165293,0.023325
4599,165271,0.023322
4600,165250,0.023319
4601,165231,0.023316
4602,165217,0.023314
4603,165195,0.023311
4604,165178,0.023308
4605,165159,0.023306
4606,165141,0.023303
4607,165119,0.023300
4608,165104,0.023298
4609,165089,0.023296
4610,165068,0.023293
4611,165052,0.023291
4612,165039,0.023289
4613,165020,0.023286
4614,165002,0.023284
4615,164984,0.023281
4616,164966,0.023279
4617,164946,0.023276
4618,164922,0.023272
4619,164908,0.023270
4620,164897,0.023269
4621,164882,0.023267
4622,164863,0.023264
4623,164850,0.023262
4624,164826,0.023259
4625,164808,0.023256
4626,164785,0.023253
4627,164760,0.023249
4628,164743,0.023247
4629,164716,0.023243
4630,164688,0.023239
4631,164672,0.023237
4632,164654,0.023234
4633,164637,0.023232
4634,164618,0.023229
4635,164601,0.023227
4636,164578,0.023224
4637,164559,0.023221
4638,164537,0.023218
4639,164518,0.023215
4640,164500,0.023213
4641,164483,0.023210
4642,164465,0.023208
4643,164449,0.023206
4644,164428,0.023203
4645,164412,0.023200
4646,164399,0.023198
4647,164387,0.023197
4648,164365,0.023194
4649,164346,0.023191
4650,164327,0.023188
4651,164305,0.023185
4652,164290,0.023183
4653,164273,0.023181
4654,164251,0.023178
4655,164231,0.023175
4656,164211,0.023172
4657,164192,0.023169
4658,164176,0.023167
4659,164156,0.023164
4660,164136,0.023161
4661,164121,0.023159
4662,164101,0.023156
4663,164074,0.023153
4664,164061,0.023151
4665,164048,0.023149
4666,164031,0.023147
4667,164012,0.023144
4668,163997,0.023142
4669,163980,0.023139
4670,163960,0.023137
4671,163936,0.023133
4672,163918,0.023131
4673,163902,0.023128
4674,163888,0.023126
4675,163868,0.023124
4676,163853,0.023121
4677,163841,0.023120
4678,163823,0.023117
4679,163801,0.023114
4680,163784,0.023112
4681,163766,0.023109
4682,163751,0.023107
4683,163738,0.023105
4684,163714,0.023102
4685,163693,0.023099
4686,163675,0.023096
4687,163661,0.023094
4688,163640,0.023091
4689,163625,0.023089
4690,163601,0.023086
4691,163580,0.023083
4692,163560,0.023080
4693,163548,0.023078
4694,163527,0.023075
4695,163512,0.023073
4696,163496,0.023071
4697,163477,0.023068
4698,163461,0.023066
4699,163441,0.023063
4700,163422,0.023061
4701,163406,0.023058
4702,163390,0.023056
4703,163366,0.023053
4704,163350,0.023050
4705,163321,0.023046
4706,163297,0.023043
4707,163277,0.023040
4708,163260,0.023038
4709,163231,0.023034
4710,163214,0.023031
4711,163188,0.023028
4712,163171,0.023025
4713,163160,0.023024
4714,163141,0.023021
4715,163120,0.023018
4716,163101,0.023015
4717,163082,0.023013
4718,163065,0.023010
4719,163048,0.023008
4720,163028,0.023005
4721,163009,0.023002
4722,162994,0.023000
4723,162973,0.022997
4724,162949,0.022994
4725,162931,0.022991
4726,162918,0.022990
4727,162897,0.022987
4728,162884,0.022985
4729,162865,0.022982
4730,162843,0.022979
4731,162815,0.022975
4732,162789,0.022971
4733,162771,0.022969
4734,162746,0.022965
4735,162732,0.022963
4736,162715,0.022961
4737,162687,0.022957
4738,162674,0.022955
4739,162657,0.022953
4740,162625,0.022948
4741,162600,0.022945
4742,162581,0.022942
4743,162562,0.022939
4744,162538,0.022936
4745,162513,0.022932
4746,162497,0.022930
4747,162479,0.022928
4748,162463,0.022925
4749,162441,0.022922
4750,162417,0.022919
4751,162394,0.022916
4752,162375,0.022913
4753,162352,0.022910
4754,162341,0.022908
4755,162327,0.022906
4756,162305,0.022903
4757,162292,0.022901
4758,162273,0.022898
4759,162254,0.022896
4760,162226,0.022892
4761,162205,0.022889
4762,162187,0.022886
4763,162156,0.022882
4764,162131,0.022878
4765,162115,0.022876
4766,162092,0.022873
4767,162069,0.022870
4768,162055,0.022868
4769,162036,0.022865
4770,162011,0.022862
4771,161991,0.022859
4772,161966,0.022855
4773,161952,0.022853
4774,161931,0.022850
4775,161915,0.022848
4776,161904,0.022846
4777,161894,0.022845
4778,161875,0.022842
4779,161862,0.022841
4780,161843,0.022838
4781,161828,0.022836
4782,161816,0.022834
4783,161796,0.022831
4784,161777,0.022829
4785,161756,0.022826
4786,161740,0.022823
4787,161726,0.022821
4788,161705,0.022818
4789,161680,0.022815
4790,161666,0.022813
4791,161654,0.022811
4792,161636,0.022809
4793,161621,0.022806
4794,161608,0.022805
4795,161589,0.022802
4796,161563,0.022798
4797,161553,0.022797
4798,161540,0.022795
4799,161522,0.022793
4800,161504,0.022790
4801,161487,0.022788
4802,161470,0.022785
4803,161458,0.022783
4804,161439,0.022781
4805,161428,0.022779
4806,161407,0.022776
4807,161386,0.022773
4808,161368,0.022771
4809,161345,0.022768
4810,161326,0.022765
4811,161309,0.022762
4812,161294,0.022760
4813,161280,0.022758
4814,161269,0.022757
4815,161253,0.022755
4816,161237,0.022752
4817,161222,0.022750
4818,161202,0.022747
4819,161183,0.022745
4820,161170,0.022743
4821,161154,0.022741
4822,161142,0.022739
4823,161124,0.022736
4824,161113,0.022735
4825,161087,0.022731
4826,161068,0.022728
4827,161050,0.022726
4828,161031,0.022723
4829,161018,0.022721
4830,161004,0.022719
4831,160987,0.022717
4832,160973,0.022715
4833,160950,0.022712
4834,160936,0.022710
4835,160920,0.022708
4836,160903,0.022705
4837,160883,0.022702
4838,160869,0.022700
4839,160848,0.022697
4840,160831,0.022695
4841,160812,0.022692
4842,160798,0.022690
4843,160772,0.022687
4844,160756,0.022684
4845,160721,0.022679
4846,160702,0.022677
4847,160689,0.022675
4848,160673,0.022673
4849,160650,0.022669
4850,160636,0.022667
4851,160620,0.022665
4852,160605,0.022663
4853,160592,0.022661
4854,160577,0.022659
4855,160568,0.022658
4856,160547,0.022655
4857,160532,0.022653
4858,160517,0.022651
4859,160506,0.022649
4860,160493,0.022647
4861,160483,0.022646
4862,160467,0.022644
4863,160457,0.022642
4864,160443,0.022640
4865,160427,0.022638
4866,160404,0.022635
4867,160385,0.022632
4868,160365,0.022629
4869,160346,0.022627
4870,160334,0.022625
4871,160319,0.022623
4872,160301,0.022620
4873,160289,0.022619
4874,160277,0.022617
4875,160264,0.022615
4876,160249,0.022613
4877,160226,0.022610
4878,160221,0.022609
4879,160207,0.022607
4880,160198,0.022606
4881,160185,0.022604
4882,160165,0.022601
4883,160155,0.022600
4884,160136,0.022597
4885,160115,0.022594
4886,160098,0.022592
4887,160093,0.022591
4888,160071,0.022588
4889,160059,0.022586
4890,160045,0.022584
4891,160029,0.022582
4892,160013,0.022580
4893,159991,0.022576
4894,159980,0.022575
4895,159961,0.022572
4896,159943,0.022570
4897,159922,0.022567
4898,159898,0.022563
4899,159879,0.022561
4900,159858,0.022558
4901,159843,0.022556
4902,159807,0.022551
4903,159793,0.022549
4904,159773,0.022546
4905,159748,0.022542
4906,159732,0.022540
4907,159709,0.022537
4908,159694,0.022535
4909,159675,0.022532
4910,159652,0.022529
4911,159638,0.022527
4912,159618,0.022524
4913,159590,0.022520
4914,159576,0.022518
4915,159552,0.022515
4916,159533,0.022512
4917,159514,0.022509
4918,159484,0.022505
4919,159467,0.022503
4920,159445,0.022499
4921,159424,0.022496
4922,159417,0.022495
4923,159405,0.022494
4924,159382,0.022491
4925,159368,0.022489
4926,159351,0.022486
4927,159332,0.022483
4928,159311,0.022481
4929,159296,0.022478
4930,159273,0.022475
4931,159253,0.022472
4932,159237,0.022470
4933,159219,0.022468
4934,159204,0.022465
4935,159186,0.022463
4936,159165,0.022460
4937,159143,0.022457
4938,159124,0.022454
4939,159107,0.022452
4940,159089,0.022449
4941,159072,0.022447
4942,159052,0.022444
4943,159034,0.022441
4944,159011,0.022438
4945,158987,0.022435
4946,158968,0.022432
4947,158939,0.022428
4948,158918,0.022425
4949,158905,0.022423
4950,158890,0.022421
4951,158874,0.022419
4952,158860,0.022417
4953,158845,0.022415
4954,158824,0.022412
4955,158808,0.022410
4956,158793,0.022407
4957,158774,0.022405
4958,158757,0.022402
4959,158740,0.022400
4960,158716,0.022397
4961,158699,0.022394
4962,158684,0.022392
4963,158670,0.022390
4964,158646,0.022387
4965,158629,0.022384
4966,158599,0.022380
4967,158582,0.022378
4968,158561,0.022375
4969,158531,0.022370
4970,158517,0.022368
4971,158503,0.022367
4972,158489,0.022365
4973,158476,0.022363
4974,158449,0.022359
4975,158430,0.022356
4976,158409,0.022353
4977,158394,0.022351
4978,158377,0.022349
4979,158363,0.022347
4980,158344,0.022344
4981,158326,0.022342
4982,158304,0.022338
4983,158289,0.022336
4984,158272,0.022334
4985,158252,0.022331
4986,158234,0.022329
4987,158219,0.022326
4988,158196,0.022323
4989,158188,0.022322
4990,158176,0.022320
4991,158161,0.022318
4992,158145,0.022316
4993,158136,0.022315
4994,158115,0.022312
4995,158097,0.022309
4996,158084,0.022307
4997,158061,0.022304
4998,158047,0.022302
4999,158029,0.022300
5000,158013,0.022297
5001,157994,0.022295
5002,157969,0.022291
5003,157951,0.022289
5004,157933,0.022286
5005,157913,0.022283
5006,157888,0.022280
5007,157865,0.022276
5008,157848,0.022274
5009,157829,0.022271
5010,157805,0.022268
5011,157787,0.022265
5012,157765,0.022262
5013,157747,0.022260
5014,157729,0.022257
5015,157712,0.022255
5016,157692,0.022252
5017,157675,0.022250
5018,157659,0.022247
5019,157640,0.022245
5020,157616,0.022241
5021,157602,0.022239
5022,157582,0.022237
5023,157564,0.022234
5024,157544,0.022231
5025,157526,0.022229
5026,157512,0.022227
5027,157502,0.022225
5028,157486,0.022223
5029,157468,0.022220
5030,157455,0.022219
5031,157435,0.022216
5032,157420,0.022214
5033,157399,0.022211
5034,157382,0.022208
5035,157360,0.022205
5036,157343,0.022203
5037,157328,0.022201
5038,157317,0.022199
5039,157308,0.022198
5040,157291,0.022195
5041,157279,0.022194
5042,157260,0.022191
5043,157239,0.022188
5044,157219,0.022185
5045,157206,0.022183
5046,157196,0.022182
5047,157182,0.022180
5048,157170,0.022178
5049,157159,0.022177
5050,157151,0.022176
5051,157131,0.022173
5052,157111,0.022170
5053,157095,0.022168
5054,157077,0.022165
5055,157062,0.022163
5056,157046,0.022161
5057,157034,0.022159
5058,157023,0.022158
5059,157004,0.022155
5060,156994,0.022154
5061,156982,0.022152
5062,156963,0.022149
5063,156948,0.022147
5064,156931,0.022145
5065,156918,0.022143
5066,156902,0.022141
5067,156891,0.022139
5068,156879,0.022137
5069,156870,0.022136
5070,156853,0.022134
5071,156837,0.022131
5072,156822,0.022129
5073,156811,0.022128
5074,156797,0.022126
5075,156787,0.022124
5076,156774,0.022123
5077,156759,0.022120
5078,156744,0.022118
5079,156727,0.022116
5080,156712,0.022114
5081,156695,0.022111
5082,156673,0.022108
5083,156663,0.022107
5084,156641,0.022104
5085,156630,0.022102
5086,156616,0.022100
5087,156603,0.022098
5088,156587,0.022096
5089,156576,0.022095
5090,156559,0.022092
5091,156543,0.022090
5092,156529,0.022088
5093,156518,0.022086
5094,156498,0.022084
5095,156483,0.022081
5096,156462,0.022079
5097,156441,0.022076
5098,156418,0.022072
5099,156398,0.022069
5100,156383,0.022067
5101,156366,0.022065
5102,156347,0.022062
5103,156335,0.022061
5104,156314,0.022058
5105,156295,0.022055
5106,156284,0.022053
5107,156277,0.022052
5108,156261,0.022050
5109,156244,0.022048
5110,156232,0.022046
5111,156215,0.022044
5112,156198,0.022041
5113,156183,0.022039
5114,156175,0.022038
5115,156159,0.022036
5116,156149,0.022034
5117,156135,0.022032
5118,156117,0.022030
5119,156108,0.022029
5120,156102,0.022028
5121,156085,0.022025
5122,156080,0.022025
5123,156062,0.022022
5124,156043,0.022019
5125,156028,0.022017
5126,156009,0.022015
5127,155993,0.022012
5128,155973,0.022009
5129,155957,0.022007
5130,155946,0.022006
5131,155930,0.022003
5132,155918,0.022002
5133,155906,0.022000
5134,155890,0.021998
5135,155877,0.021996
5136,155861,0.021994
5137,155846,0.021992
5138,155831,0.021989
5139,155814,0.021987
5140,155800,0.021985
5141,155782,0.021983
5142,155764,0.021980
5143,155744,0.021977
5144,155722,0.021974
5145,155705,0.021972
5146,155692,0.021970
5147,155671,0.021967
5148,155652,0.021964
5149,155632,0.021961
5150,155609,0.021958
5151,155594,0.021956
5152,155581,0.021954
5153,155570,0.021953
5154,155558,0.021951
5155,155540,0.021948
5156,155525,0.021946
5157,155500,0.021943
5158,155489,0.021941
5159,155477,0.021940
5160,155465,0.021938
5161,155447,0.021935
5162,155431,0.021933
5163,155415,0.021931
5164,155395,0.021928
5165,155376,0.021925
5166,155366,0.021924
5167,155352,0.021922
5168,155328,0.021918
5169,155316,0.021917
5170,155299,0.021914
5171,155285,0.021912
5172,155268,0.021910
5173,155251,0.021908
5174,155239,0.021906
5175,155224,0.021904
5176,155209,0.021902
5177,155190,0.021899
5178,155176,0.021897
5179,155163,0.021895
5180,155151,0.021894
5181,155145,0.021893
5182,155131,0.021891
5183,155119,0.021889
5184,155106,0.021887
5185,155098,0.021886
5186,155085,0.021884
5187,155071,0.021882
5188,155060,0.021881
5189,155046,0.021879
5190,155033,0.021877
5191,155016,0.021874
5192,155005,0.021873
5193,154990,0.021871
5194,154974,0.021869
5195,154961,0.021867
5196,154947,0.021865
5197,154930,0.021862
5198,154915,0.021860
5199,154903,0.021859
5200,154896,0.021858
5201,154883,0.021856
5202,154872,0.021854
5203,154862,0.021853
5204,154852,0.021851
5205,154836,0.021849
5206,154829,0.021848
5207,154821,0.021847
5208,154812,0.021846
5209,154791,0.021843
5210,154776,0.021841
5211,154760,0.021838
5212,154750,0.021837
5213,154732,0.021834
5214,154719,0.021833
5215,154702,0.021830
5216,154687,0.021828
5217,154669,0.021825
5218,154650,0.021823
5219,154628,0.021820
5220,154611,0.021817
5221,154596,0.021815
5222,154583,0.021813
5223,154570,0.021812
5224,154558,0.021810
5225,154540,0.021807
5226,154523,0.021805
5227,154507,0.021803
5228,154495,0.021801
5229,154480,0.021799
5230,154461,0.021796
5231,154452,0.021795
5232,154437,0.021793
5233,154419,0.021790
5234,154400,0.021788
5235,154378,0.021784
5236,154366,0.021783
5237,154341,0.021779
5238,154328,0.021777
5239,154312,0.021775
5240,154299,0.021773
5241,154284,0.021771
5242,154255,0.021767
5243,154243,0.021765
5244,154230,0.021764
5245,154216,0.021762
5246,154200,0.021759
5247,154184,0.021757
5248,154168,0.021755
5249,154152,0.021753
5250,154130,0.021749
5251,154115,0.021747
5252,154096,0.021745
5253,154084,0.021743
5254,154068,0.021741
5255,154051,0.021738
5256,154038,0.021736
5257,154021,0.021734
5258,154000,0.021731
5259,153982,0.021729
5260,153967,0.021726
5261,153953,0.021724
5262,153932,0.021721
5263,153917,0.021719
5264,153894,0.021716
5265,153883,0.021715
5266,153861,0.021711
5267,153839,0.021708
5268,153827,0.021707
5269,153808,0.021704
5270,153793,0.021702
5271,153776,0.021699
5272,153760,0.021697
5273,153742,0.021695
5274,153727,0.021693
5275,153711,0.021690
5276,153698,0.021688
5277,153679,0.021686
5278,153657,0.021683
5279,153646,0.021681
5280,153632,0.021679
5281,153615,0.021677
5282,153590,0.021673
5283,153572,0.021671
5284,153551,0.021668
5285,153526,0.021664
5286,153506,0.021661
5287,153480,0.021658
5288,153458,0.021655
5289,153428,0.021650
5290,153403,0.021647
5291,153384,0.021644
5292,153367,0.021642
5293,153343,0.021638
5294,153321,0.021635
5295,153304,0.021633
5296,153282,0.021630
5297,153252,0.021626
5298,153229,0.021622
5299,153207,0.021619
5300,153186,0.021616
5301,153165,0.021613
5302,153143,0.021610
5303,153132,0.021609
5304,153110,0.021605
5305,153084,0.021602
5306,153067,0.021599
5307,153053,0.021597
5308,153034,0.021595
5309,153011,0.021592
5310,152997,0.021590
5311,152975,0.021586
5312,152961,0.021584
5313,152935,0.021581
5314,152914,0.021578
5315,152898,0.021576
5316,152876,0.021572
5317,152860,0.021570
5318,152842,0.021568
5319,152822,0.021565
5320,152804,0.021562
5321,152792,0.021561
5322,152782,0.021559
5323,152765,0.021557
5324,152741,0.021553
5325,152727,0.021551
5326,152710,0.021549
5327,152689,0.021546
5328,152671,0.021544
5329,152653,0.021541
5330,152629,0.021538
5331,152614,0.021536
5332,152603,0.021534
5333,152589,0.021532
5334,152568,0.021529
5335,152556,0.021527
5336,152539,0.021525
5337,152521,0.021522
5338,152498,0.021519
5339,152481,0.021517
5340,152471,0.021515
5341,152460,0.021514
5342,152436,0.021510
5343,152422,0.021508
5344,152407,0.021506
5345,152391,0.021504
5346,152372,0.021501
5347,152350,0.021498
5348,152330,0.021495
5349,152313,0.021493
5350,152303,0.021492
5351,152284,0.021489
5352,152267,0.021487
5353,152256,0.021485
5354,152241,0.021483
5355,152231,0.021481
5356,152211,0.021479
5357,152197,0.021477
5358,152185,0.021475
5359,152167,0.021472
5360,152148,0.021470
5361,152125,0.021467
5362,152100,0.021463
5363,152082,0.021460
5364,152054,0.021456
5365,152040,0.021455
5366,152026,0.021453
5367,152006,0.021450
5368,151990,0.021447
5369,151976,0.021445
5370,151966,0.021444
5371,151948,0.021442
5372,151935,0.021440
5373,151920,0.021438
5374,151898,0.021434
5375,151875,0.021431
5376,151862,0.021429
5377,151835,0.021426
5378,151822,0.021424
5379,151796,0.021420
5380,151772,0.021417
5381,151749,0.021413
5382,151721,0.021409
5383,151699,0.021406
5384,151683,0.021404
5385,151667,0.021402
5386,151653,0.021400
5387,151636,0.021398
5388,151625,0.021396
5389,151601,0.021393
5390,151580,0.021390
5391,151564,0.021387
5392,151548,0.021385
5393,151522,0.021381
5394,151507,0.021379
5395,151487,0.021376
5396,151467,0.021374
5397,151442,0.021370
5398,151429,0.021368
5399,151406,0.021365
5400,151388,0.021363
5401,151367,0.021360
5402,151332,0.021355
5403,151321,0.021353
5404,151290,0.021349
5405,151267,0.021345
5406,151250,0.021343
5407,151232,0.021340
5408,151207,0.021337
5409,151188,0.021334
5410,151161,0.021330
5411,151141,0.021328
5412,151119,0.021325
5413,151101,0.021322
5414,151083,0.021319
5415,151067,0.021317
5416,151040,0.021313
5417,151023,0.021311
5418,150997,0.021307
5419,150977,0.021305
5420,150956,0.021302
5421,150918,0.021296
5422,150894,0.021293
5423,150868,0.021289
5424,150831,0.021284
5425,150812,0.021281
5426,150784,0.021277
5427,150762,0.021274
5428,150736,0.021271
5429,150723,0.021269
5430,150707,0.021266
5431,150683,0.021263
5432,150654,0.021259
5433,150630,0.021256
5434,150613,0.021253
5435,150596,0.021251
5436,150572,0.021247
5437,150544,0.021243
5438,150524,0.021241
5439,150509,0.021238
5440,150490,0.021236
5441,150472,0.021233
5442,150451,0.021230
5443,150441,0.021229
5444,150423,0.021226
5445,150403,0.021224
5446,150380,0.021220
5447,150364,0.021218
5448,150346,0.021215
5449,150331,0.021213
5450,150310,0.021210
5451,150292,0.021208
5452,150278,0.021206
5453,150263,0.021204
5454,150249,0.021202
5455,150238,0.021200
5456,150221,0.021198
5457,150203,0.021195
5458,150186,0.021193
5459,150162,0.021190
5460,150146,0.021187
5461,150127,0.021185
5462,150107,0.021182
5463,150088,0.021179
5464,150067,0.021176
5465,150050,0.021174
5466,150022,0.021170
5467,150004,0.021167
5468,149989,0.021165
5469,149968,0.021162
5470,149943,0.021159
5471,149928,0.021156
5472,149908,0.021154
5473,149894,0.021152
5474,149883,0.021150
5475,149867,0.021148
5476,149857,0.021146
5477,149842,0.021144
5478,149820,0.021141
5479,149807,0.021139
5480,149793,0.021137
5481,149777,0.021135
5482,149761,0.021133
5483,149748,0.021131
5484,149735,0.021129
5485,149723,0.021128
5486,149710,0.021126
5487,149694,0.021123
5488,149679,0.021121
5489,149661,0.021119
5490,149651,0.021117
5491,149638,0.021116
5492,149630,0.021114
5493,149604,0.021111
5494,149583,0.021108
5495,149568,0.021106
5496,149553,0.021104
5497,149537,0.021101
5498,149513,0.021098
5499,149497,0.021096
5500,149471,0.021092
5501,149456,0.021090
5502,149436,0.021087
5503,149405,0.021083
5504,149369,0.021078
5505,149337,0.021073
5506,149298,0.021068
5507,149269,0.021063
5508,149240,0.021059
5509,149205,0.021054
5510,149177,0.021051
5511,149155,0.021047
5512,149128,0.021044
5513,149109,0.021041
5514,149085,0.021038
5515,149073,0.021036
5516,149059,0.021034
5517,149037,0.021031
5518,149020,0.021028
5519,148994,0.021025
5520,148972,0.021022
5521,148947,0.021018
5522,148917,0.021014
5523,148897,0.021011
5524,148875,0.021008
5525,148851,0.021005
5526,148826,0.021001
5527,148816,0.021000
5528,148802,0.020998
5529,148790,0.020996
5530,148775,0.020994
5531,148763,0.020992
5532,148747,0.020990
5533,148730,0.020987
5534,148716,0.020985
5535,148704,0.020984
5536,148685,0.020981
5537,148671,0.020979
5538,148655,0.020977
5539,148641,0.020975
5540,148620,0.020972
5541,148604,0.020970
5542,148584,0.020967
5543,148566,0.020964
5544,148547,0.020962
5545,148532,0.020959
5546,148513,0.020957
5547,148495,0.020954
5548,148479,0.020952
5549,148464,0.020950
5550,148442,0.020947
5551,148418,0.020943
5552,148406,0.020942
5553,148394,0.020940
5554,148369,0.020936
5555,148352,0.020934
5556,148339,0.020932
5557,148323,0.020930
5558,148311,0.020928
5559,148295,0.020926
5560,148270,0.020923
5561,148257,0.020921
5562,148237,0.020918
5563,148220,0.020915
5564,148192,0.020912
5565,148177,0.020909
5566,148144,0.020905
5567,148115,0.020901
5568,148096,0.020898
5569,148076,0.020895
5570,148058,0.020893
5571,148045,0.020891
5572,148028,0.020888
5573,148002,0.020885
5574,147979,0.020881
5575,147955,0.020878
5576,147934,0.020875
5577,147914,0.020872
5578,147897,0.020870
5579,147876,0.020867
5580,147853,0.020864
5581,147831,0.020861
5582,147810,0.020858
5583,147801,0.020856
5584,147784,0.020854
5585,147767,0.020852
5586,147752,0.020849
5587,147735,0.020847
5588,147712,0.020844
5589,147700,0.020842
5590,147683,0.020840
5591,147671,0.020838
5592,147662,0.020837
5593,147646,0.020834
5594,147626,0.020832
5595,147611,0.020830
5596,147599,0.020828
5597,147580,0.020825
5598,147565,0.020823
5599,147547,0.020820
5600,147526,0.020818
5601,147514,0.020816
5602,147502,0.020814
5603,147489,0.020812
5604,147468,0.020809
5605,147456,0.020808
5606,147436,0.020805
5607,147410,0.020801
5608,147396,0.020799
5609,147385,0.020798
5610,147366,0.020795
5611,147352,0.020793
5612,147342,0.020792
5613,147326,0.020789
5614,147307,0.020787
5615,147286,0.020784
5616,147272,0.020782
5617,147257,0.020780
5618,147241,0.020777
5619,147226,0.020775
5620,147215,0.020774
5621,147201,0.020772
5622,147183,0.020769
5623,147168,0.020767
5624,147157,0.020765
5625,147149,0.020764
5626,147141,0.020763
5627,147126,0.020761
5628,147103,0.020758
5629,147088,0.020756
5630,147075,0.020754
5631,147060,0.020752
5632,147045,0.020750
5633,147028,0.020747
5634,147011,0.020745
5635,146995,0.020743
5636,146976,0.020740
5637,146958,0.020737
5638,146939,0.020735
5639,146929,0.020733
5640,146919,0.020732
5641,146898,0.020729
5642,146889,0.020728
5643,146868,0.020725
5644,146855,0.020723
5645,146842,0.020721
5646,146828,0.020719
5647,146816,0.020717
5648,146803,0.020716
5649,146790,0.020714
5650,146779,0.020712
5651,146769,0.020711
5652,146755,0.020709
5653,146740,0.020707
5654,146727,0.020705
5655,146710,0.020702
5656,146697,0.020701
5657,146685,0.020699
5658,146668,0.020696
5659,146655,0.020695
5660,146641,0.020693
5661,146630,0.020691
5662,146617,0.020689
5663,146606,0.020688
5664,146596,0.020686
5665,146584,0.020685
5666,146565,0.020682
5667,146547,0.020679
5668,146529,0.020677
5669,146517,0.020675
5670,146491,0.020671
5671,146476,0.020669
5672,146457,0.020667
5673,146435,0.020664
5674,146420,0.020661
5675,146406,0.020659
5676,146389,0.020657
5677,146371,0.020655
5678,146361,0.020653
5679,146347,0.020651
5680,146331,0.020649
5681,146315,0.020647
5682,146307,0.020646
5683,146294,0.020644
5684,146282,0.020642
5685,146269,0.020640
5686,146257,0.020638
5687,146240,0.020636
5688,146229,0.020635
5689,146216,0.020633
5690,146196,0.020630
5691,146187,0.020629
5692,146177,0.020627
5693,146155,0.020624
5694,146144,0.020623
5695,146131,0.020621
5696,146110,0.020618
5697,146096,0.020616
5698,146070,0.020612
5699,146057,0.020610
5700,146043,0.020608
5701,146022,0.020605
5702,146005,0.020603
5703,145980,0.020599
5704,145966,0.020597
5705,145949,0.020595
5706,145930,0.020592
5707,145903,0.020589
5708,145884,0.020586
5709,145867,0.020583
5710,145850,0.020581
5711,145840,0.020580
5712,145826,0.020578
5713,145810,0.020575
5714,145793,0.020573
5715,145778,0.020571
5716,145761,0.020568
5717,145740,0.020566
5718,145713,0.020562
5719,145687,0.020558
5720,145673,0.020556
5721,145663,0.020555
5722,145643,0.020552
5723,145621,0.020549
5724,145607,0.020547
5725,145591,0.020544
5726,145566,0.020541
5727,145552,0.020539
5728,145531,0.020536
5729,145509,0.020533
5730,145491,0.020530
5731,145473,0.020528
5732,145450,0.020525
5733,145430,0.020522
5734,145409,0.020519
5735,145383,0.020515
5736,145372,0.020514
5737,145352,0.020511
5738,145322,0.020507
5739,145296,0.020503
5740,145269,0.020499
5741,145248,0.020496
5742,145228,0.020493
5743,145209,0.020491
5744,145186,0.020487
5745,145177,0.020486
5746,145166,0.020485
5747,145147,0.020482
5748,145130,0.020479
5749,145114,0.020477
5750,145097,0.020475
5751,145084,0.020473
5752,145058,0.020469
5753,145039,0.020467
5754,145023,0.020464
5755,145010,0.020462
5756,144992,0.020460
5757,144982,0.020459
5758,144973,0.020457
5759,144958,0.020455
5760,144938,0.020452
5761,144924,0.020450
5762,144913,0.020449
5763,144896,0.020446
5764,144888,0.020445
5765,144874,0.020443
5766,144868,0.020442
5767,144850,0.020440
5768,144835,0.020438
5769,144822,0.020436
5770,144807,0.020434
5771,144799,0.020433
5772,144788,0.020431
5773,144776,0.020429
5774,144756,0.020427
5775,144744,0.020425
5776,144732,0.020423
5777,144711,0.020420
5778,144681,0.020416
5779,144669,0.020414
5780,144651,0.020412
5781,144635,0.020410
5782,144626,0.020408
5783,144610,0.020406
5784,144595,0.020404
5785,144584,0.020402
5786,144576,0.020401
5787,144554,0.020398
5788,144550,0.020398
5789,144539,0.020396
5790,144522,0.020394
5791,144506,0.020391
5792,144496,0.020390
5793,144483,0.020388
5794,144465,0.020386
5795,144448,0.020383
5796,144435,0.020381
5797,144413,0.020378
5798,144396,0.020376
5799,144383,0.020374
5800,144371,0.020372
5801,144349,0.020369
5802,144332,0.020367
5803,144316,0.020365
5804,144304,0.020363
5805,144297,0.020362
5806,144272,0.020358
5807,144257,0.020356
5808,144242,0.020354
5809,144220,0.020351
5810,144202,0.020348
5811,144181,0.020346
5812,144163,0.020343
5813,144145,0.020340
5814,144128,0.020338
5815,144119,0.020337
5816,144098,0.020334
5817,144083,0.020332
5818,144071,0.020330
5819,144058,0.020328
5820,144039,0.020325
5821,144025,0.020324
5822,144017,0.020322
5823,143998,0.020320
5824,143986,0.020318
5825,143974,0.020316
5826,143964,0.020315
5827,143942,0.020312
5828,143929,0.020310
5829,143914,0.020308
5830,143904,0.020306
5831,143892,0.020305
5832,143881,0.020303
5833,143867,0.020301
5834,143849,0.020299
5835,143836,0.020297
5836,143815,0.020294
5837,143802,0.020292
5838,143794,0.020291
5839,143782,0.020289
5840,143768,0.020287
5841,143759,0.020286
5842,143736,0.020283
5843,143710,0.020279
5844,143697,0.020277
5845,143687,0.020276
5846,143677,0.020274
5847,143670,0.020273
5848,143664,0.020273
5849,143655,0.020271
5850,143644,0.020270
5851,143628,0.020267
5852,143615,0.020266
5853,143605,0.020264
5854,143586,0.020262
5855,143571,0.020259
5856,143558,0.020258
5857,143542,0.020255
5858,143530,0.020254
5859,143522,0.020253
5860,143508,0.020251
5861,143494,0.020249
5862,143475,0.020246
5863,143462,0.020244
5864,143453,0.020243
5865,143436,0.020240
5866,143413,0.020237
5867,143404,0.020236
5868,143390,0.020234
5869,143371,0.020231
5870,143360,0.020230
5871,143354,0.020229
5872,143337,0.020226
5873,143325,0.020225
5874,143313,0.020223
5875,143306,0.020222
5876,143289,0.020220
5877,143276,0.020218
5878,143260,0.020216
5879,143239,0.020213
5880,143218,0.020210
5881,143201,0.020207
5882,143188,0.020205
5883,143176,0.020204
5884,143162,0.020202
5885,143137,0.020198
5886,143122,0.020196
5887,143098,0.020193
5888,143079,0.020190
5889,143062,0.020188
5890,143050,0.020186
5891,143039,0.020184
5892,143028,0.020183
5893,143010,0.020180
5894,142996,0.020178
5895,142983,0.020176
5896,142968,0.020174
5897,142956,0.020173
5898,142945,0.020171
5899,142928,0.020169
5900,142912,0.020166
5901,142903,0.020165
5902,142885,0.020163
5903,142870,0.020161
5904,142860,0.020159
5905,142850,0.020158
5906,142842,0.020157
5907,142828,0.020155
5908,142815,0.020153
5909,142801,0.020151
5910,142787,0.020149
5911,142776,0.020147
5912,142770,0.020146
5913,142759,0.020145
5914,142746,0.020143
5915,142730,0.020141
5916,142722,0.020140
5917,142703,0.020137
5918,142683,0.020134
5919,142672,0.020133
5920,142656,0.020130
5921,142643,0.020128
5922,142624,0.020126
5923,142614,0.020124
5924,142602,0.020123
5925,142589,0.020121
5926,142566,0.020118
5927,142552,0.020116
5928,142539,0.020114
5929,142528,0.020112
5930,142509,0.020110
5931,142497,0.020108
5932,142487,0.020106
5933,142469,0.020104
5934,142446,0.020101
5935,142428,0.020098
5936,142410,0.020096
5937,142389,0.020093
5938,142361,0.020089
5939,142333,0.020085
5940,142295,0.020079
5941,142271,0.020076
5942,142248,0.020073
5943,142238,0.020071
5944,142222,0.020069
5945,142209,0.020067
5946,142197,0.020066
5947,142189,0.020064
5948,142180,0.020063
5949,142165,0.020061
5950,142152,0.020059
5951,142143,0.020058
5952,142134,0.020057
5953,142123,0.020055
5954,142109,0.020053
5955,142096,0.020051
5956,142081,0.020049
5957,142071,0.020048
5958,142056,0.020046
5959,142052,0.020045
5960,142042,0.020044
5961,142034,0.020043
5962,142021,0.020041
5963,142007,0.020039
5964,141997,0.020037
5965,141983,0.020035
5966,141973,0.020034
5967,141961,0.020032
5968,141941,0.020029
5969,141926,0.020027
5970,141915,0.020026
5971,141899,0.020024
5972,141887,0.020022
5973,141872,0.020020
5974,141858,0.020018
5975,141850,0.020017
5976,141840,0.020015
5977,141823,0.020013
5978,141814,0.020012
5979,141801,0.020010
5980,141790,0.020008
5981,141776,0.020006
5982,141764,0.020004
5983,141755,0.020003
5984,141740,0.020001
5985,141721,0.019998
5986,141706,0.019996
5987,141697,0.019995
5988,141682,0.019993
5989,141669,0.019991
5990,141659,0.019990
5991,141647,0.019988
5992,141636,0.019986
5993,141616,0.019984
5994,141605,0.019982
5995,141594,0.019980
5996,141579,0.019978
5997,141568,0.019977
5998,141552,0.019975
5999,141537,0.019972
6000,141519,0.019970
6001,141502,0.019967
6002,141489,0.019966
6003,141468,0.019963
6004,141452,0.019960
6005,141436,0.019958
6006,141422,0.019956
6007,141410,0.019955
6008,141395,0.019952
6009,141383,0.019951
6010,141374,0.019949
6011,141360,0.019947
6012,141352,0.019946
6013,141344,0.019945
6014,141332,0.019943
6015,141316,0.019941
6016,141311,0.019941
6017,141304,0.019940
6018,141293,0.019938
6019,141277,0.019936
6020,141266,0.019934
6021,141255,0.019933
6022,141234,0.019930
6023,141222,0.019928
6024,141212,0.019927
6025,141199,0.019925
6026,141183,0.019922
6027,141165,0.019920
6028,141151,0.019918
6029,141134,0.019916
6030,141119,0.019913
6031,141097,0.019910
6032,141088,0.019909
6033,141075,0.019907
6034,141058,0.019905
6035,141047,0.019903
6036,141039,0.019902
6037,141026,0.019900
6038,141004,0.019897
6039,140988,0.019895
6040,140968,0.019892
6041,140958,0.019891
6042,140937,0.019888
6043,140918,0.019885
6044,140910,0.019884
6045,140893,0.019882
6046,140883,0.019880
6047,140876,0.019879
6048,140866,0.019878
6049,140855,0.019876
6050,140845,0.019875
6051,140833,0.019873
6052,140831,0.019873
6053,140817,0.019871
6054,140809,0.019870
6055,140793,0.019867
6056,140784,0.019866
6057,140774,0.019865
6058,140761,0.019863
6059,140756,0.019862
6060,140733,0.019859
6061,140719,0.019857
6062,140707,0.019855
6063,140691,0.019853
6064,140674,0.019851
6065,140661,0.019849
6066,140650,0.019847
6067,140633,0.019845
6068,140623,0.019843
6069,140612,0.019842
6070,140601,0.019840
6071,140588,0.019839
6072,140576,0.019837
6073,140562,0.019835
6074,140556,0.019834
6075,140545,0.019832
6076,140534,0.019831
6077,140518,0.019829
6078,140505,0.019827
6079,140497,0.019826
6080,140481,0.019823
6081,140470,0.019822
6082,140461,0.019821
6083,140455,0.019820
6084,140437,0.019817
6085,140429,0.019816
6086,140419,0.019815
6087,140407,0.019813
6088,140392,0.019811
6089,140380,0.019809
6090,140363,0.019807
6091,140351,0.019805
6092,140339,0.019803
6093,140325,0.019801
6094,140312,0.019800
6095,140295,0.019797
6096,140283,0.019795
6097,140267,0.019793
6098,140253,0.019791
6099,140236,0.019789
6100,140226,0.019787
6101,140214,0.019786
6102,140209,0.019785
6103,140197,0.019783
6104,140179,0.019781
6105,140157,0.019778
6106,140145,0.019776
6107,140136,0.019775
6108,140119,0.019772
6109,140113,0.019771
6110,140093,0.019769
6111,140085,0.019768
6112,140076,0.019766
6113,140063,0.019764
6114,140047,0.019762
6115,140033,0.019760
6116,140015,0.019758
6117,139999,0.019755
6118,139984,0.019753
6119,139973,0.019752
6120,139960,0.019750
6121,139941,0.019747
6122,139927,0.019745
6123,139920,0.019744
6124,139907,0.019742
6125,139894,0.019741
6126,139889,0.019740
6127,139878,0.019738
6128,139866,0.019737
6129,139854,0.019735
6130,139840,0.019733
6131,139825,0.019731
6132,139814,0.019729
6133,139802,0.019728
6134,139790,0.019726
6135,139778,0.019724
6136,139772,0.019723
6137,139754,0.019721
6138,139747,0.019720
6139,139737,0.019718
6140,139726,0.019717
6141,139715,0.019715
6142,139704,0.019714
6143,139692,0.019712
6144,139681,0.019711
6145,139671,0.019709
6146,139659,0.019707
6147,139653,0.019707
6148,139645,0.019705
6149,139633,0.019704
6150,139621,0.019702
6151,139615,0.019701
6152,139603,0.019700
6153,139597,0.019699
6154,139589,0.019698
6155,139578,0.019696
6156,139566,0.019694
6157,139553,0.019692
6158,139546,0.019691
6159,139531,0.019689
6160,139520,0.019688
6161,139511,0.019687
6162,139499,0.019685
6163,139493,0.019684
6164,139485,0.019683
6165,139479,0.019682
6166,139465,0.019680
6167,139457,0.019679
6168,139449,0.019678
6169,139445,0.019677
6170,139430,0.019675
6171,139417,0.019673
6172,139405,0.019672
6173,139391,0.019670
6174,139380,0.019668
6175,139358,0.019665
6176,139342,0.019663
6177,139326,0.019660
6178,139315,0.019659
6179,139302,0.019657
6180,139284,0.019654
6181,139273,0.019653
6182,139257,0.019651
6183,139250,0.019650
6184,139237,0.019648
6185,139224,0.019646
6186,139216,0.019645
6187,139202,0.019643
6188,139188,0.019641
6189,139167,0.019638
6190,139154,0.019636
6191,139139,0.019634
6192,139128,0.019632
6193,139119,0.019631
6194,139110,0.019630
6195,139100,0.019629
6196,139087,0.019627
6197,139078,0.019625
6198,139068,0.019624
6199,139056,0.019622
6200,139044,0.019621
6201,139028,0.019618
6202,139020,0.019617
6203,139002,0.019615
6204,138990,0.019613
6205,138973,0.019611
6206,138958,0.019608
6207,138951,0.019608
6208,138934,0.019605
6209,138918,0.019603
6210,138910,0.019602
6211,138906,0.019601
6212,138899,0.019600
6213,138888,0.019599
6214,138883,0.019598
6215,138865,0.019595
6216,138856,0.019594
6217,138842,0.019592
6218,138837,0.019591
6219,138826,0.019590
6220,138812,0.019588
6221,138802,0.019586
6222,138795,0.019585
6223,138787,0.019584
6224,138777,0.019583
6225,138761,0.019581
6226,138746,0.019579
6227,138736,0.019577
6228,138724,0.019575
6229,138714,0.019574
6230,138705,0.019573
6231,138694,0.019571
6232,138686,0.019570
6233,138681,0.019569
6234,138671,0.019568
6235,138664,0.019567
6236,138647,0.019565
6237,138637,0.019563
6238,138625,0.019562
6239,138611,0.019560
6240,138596,0.019557
6241,138574,0.019554
6242,138563,0.019553
6243,138547,0.019550
6244,138535,0.019549
6245,138524,0.019547
6246,138517,0.019546
6247,138497,0.019543
6248,138485,0.019542
6249,138466,0.019539
6250,138456,0.019538
6251,138447,0.019536
6252,138434,0.019535
6253,138430,0.019534
6254,138421,0.019533
6255,138409,0.019531
6256,138400,0.019530
6257,138393,0.019529
6258,138380,0.019527
6259,138370,0.019526
6260,138360,0.019524
6261,138346,0.019522
6262,138330,0.019520
6263,138314,0.019518
6264,138304,0.019516
6265,138295,0.019515
6266,138283,0.019513
6267,138270,0.019511
6268,138253,0.019509
6269,138244,0.019508
6270,138232,0.019506
6271,138219,0.019504
6272,138205,0.019502
6273,138191,0.019500
6274,138175,0.019498
6275,138165,0.019497
6276,138155,0.019495
6277,138146,0.019494
6278,138135,0.019492
6279,138127,0.019491
6280,138110,0.019489
6281,138090,0.019486
6282,138072,0.019483
6283,138062,0.019482
6284,138047,0.019480
6285,138036,0.019478
6286,138029,0.019477
6287,138015,0.019475
6288,138003,0.019474
6289,137995,0.019473
6290,137984,0.019471
6291,137971,0.019469
6292,137957,0.019467
6293,137947,0.019466
6294,137938,0.019465
6295,137921,0.019462
6296,137906,0.019460
6297,137894,0.019458
6298,137879,0.019456
6299,137861,0.019454
6300,137844,0.019451
6301,137830,0.019449
6302,137816,0.019447
6303,137802,0.019445
6304,137792,0.019444
6305,137780,0.019442
6306,137773,0.019441
6307,137761,0.019440
6308,137747,0.019438
6309,137738,0.019436
6310,137724,0.019434
6311,137719,0.019434
6312,137705,0.019432
6313,137692,0.019430
6314,137678,0.019428
6315,137666,0.019426
6316,137656,0.019425
6317,137641,0.019423
6318,137631,0.019421
6319,137619,0.019420
6320,137602,0.019417
6321,137590,0.019415
6322,137578,0.019414
6323,137569,0.019412
6324,137556,0.019411
6325,137545,0.019409
6326,137536,0.019408
6327,137517,0.019405
6328,137503,0.019403
6329,137490,0.019401
6330,137469,0.019398
6331,137460,0.019397
6332,137448,0.019395
6333,137432,0.019393
6334,137421,0.019392
6335,137408,0.019390
6336,137397,0.019388
6337,137380,0.019386
6338,137372,0.019385
6339,137357,0.019383
6340,137348,0.019381
6341,137342,0.019380
6342,137330,0.019379
6343,137319,0.019377
6344,137312,0.019376
6345,137297,0.019374
6346,137289,0.019373
6347,137281,0.019372
6348,137273,0.019371
6349,137265,0.019370
6350,137254,0.019368
6351,137236,0.019366
6352,137231,0.019365
6353,137219,0.019363
6354,137205,0.019361
6355,137187,0.019359
6356,137178,0.019357
6357,137163,0.019355
6358,137153,0.019354
6359,137141,0.019352
6360,137129,0.019350
6361,137117,0.019349
6362,137106,0.019347
6363,137099,0.019346
6364,137091,0.019345
6365,137079,0.019343
6366,137068,0.019342
6367,137051,0.019339
6368,137035,0.019337
6369,137019,0.019335
6370,137005,0.019333
6371,136998,0.019332
6372,136984,0.019330
6373,136971,0.019328
6374,136958,0.019326
6375,136951,0.019325
6376,136932,0.019323
6377,136920,0.019321
6378,136910,0.019320
6379,136898,0.019318
6380,136887,0.019316
6381,136883,0.019316
6382,136874,0.019314
6383,136867,0.019313
6384,136854,0.019312
6385,136839,0.019309
6386,136827,0.019308
6387,136815,0.019306
6388,136803,0.019304
6389,136788,0.019302
6390,136776,0.019301
6391,136753,0.019297
6392,136741,0.019296
6393,136726,0.019294
6394,136711,0.019291
6395,136701,0.019290
6396,136688,0.019288
6397,136681,0.019287
6398,136664,0.019285
6399,136652,0.019283
6400,136635,0.019281
6401,136623,0.019279
6402,136609,0.019277
6403,136592,0.019275
6404,136585,0.019274
6405,136576,0.019272
6406,136565,0.019271
6407,136552,0.019269
6408,136537,0.019267
6409,136525,0.019265
6410,136510,0.019263
6411,136503,0.019262
6412,136493,0.019261
6413,136486,0.019260
6414,136477,0.019258
6415,136467,0.019257
6416,136456,0.019255
6417,136445,0.019254
6418,136429,0.019252
6419,136422,0.019251
6420,136412,0.019249
6421,136401,0.019248
6422,136392,0.019246
6423,136387,0.019246
6424,136379,0.019245
6425,136368,0.019243
6426,136360,0.019242
6427,136345,0.019240
6428,136332,0.019238
6429,136322,0.019237
6430,136308,0.019235
6431,136299,0.019233
6432,136288,0.019232
6433,136271,0.019229
6434,136264,0.019228
6435,136252,0.019227
6436,136241,0.019225
6437,136229,0.019223
6438,136222,0.019222
6439,136209,0.019221
6440,136198,0.019219
6441,136193,0.019218
6442,136189,0.019218
6443,136179,0.019216
6444,136168,0.019215
6445,136160,0.019214
6446,136149,0.019212
6447,136137,0.019210
6448,136125,0.019209
6449,136113,0.019207
6450,136103,0.019206
6451,136093,0.019204
6452,136078,0.019202
6453,136065,0.019200
6454,136058,0.019199
6455,136048,0.019198
6456,136038,0.019196
6457,136027,0.019195
6458,136009,0.019192
6459,135995,0.019190
6460,135985,0.019189
6461,135971,0.019187
6462,135961,0.019186
6463,135958,0.019185
6464,135952,0.019184
6465,135937,0.019182
6466,135928,0.019181
6467,135919,0.019180
6468,135911,0.019179
6469,135900,0.019177
6470,135886,0.019175
6471,135878,0.019174
6472,135870,0.019173
6473,135864,0.019172
6474,135856,0.019171
6475,135850,0.019170
6476,135844,0.019169
6477,135834,0.019168
6478,135825,0.019166
6479,135817,0.019165
6480,135803,0.019163
6481,135793,0.019162
6482,135780,0.019160
6483,135776,0.019159
6484,135769,0.019158
6485,135758,0.019157
6486,135748,0.019156
6487,135734,0.019154
6488,135724,0.019152
6489,135707,0.019150
6490,135698,0.019148
6491,135688,0.019147
6492,135676,0.019145
6493,135663,0.019144
6494,135658,0.019143
6495,135644,0.019141
6496,135638,0.019140
6497,135628,0.019139
6498,135615,0.019137
6499,135603,0.019135
6500,135596,0.019134
6501,135590,0.019133
6502,135575,0.019131
6503,135562,0.019129
6504,135551,0.019128
6505,135542,0.019126
6506,135534,0.019125
6507,135521,0.019123
6508,135513,0.019122
6509,135504,0.019121
6510,135497,0.019120
6511,135484,0.019118
6512,135473,0.019117
6513,135458,0.019115
6514,135444,0.019113
6515,135428,0.019110
6516,135420,0.019109
6517,135408,0.019108
6518,135394,0.019106
6519,135381,0.019104
6520,135370,0.019102
6521,135360,0.019101
6522,135348,0.019099
6523,135331,0.019097
6524,135319,0.019095
6525,135305,0.019093
6526,135291,0.019091
6527,135276,0.019089
6528,135261,0.019087
6529,135257,0.019086
6530,135250,0.019085
6531,135240,0.019084
6532,135230,0.019082
6533,135216,0.019080
6534,135206,0.019079
6535,135194,0.019077
6536,135188,0.019077
6537,135182,0.019076
6538,135166,0.019073
6539,135157,0.019072
6540,135148,0.019071
6541,135134,0.019069
6542,135123,0.019067
6543,135117,0.019066
6544,135108,0.019065
6545,135099,0.019064
6546,135085,0.019062
6547,135075,0.019061
6548,135061,0.019059
6549,135051,0.019057
6550,135040,0.019056
6551,135029,0.019054
6552,135019,0.019053
6553,135002,0.019050
6554,134993,0.019049
6555,134983,0.019048
6556,134970,0.019046
6557,134956,0.019044
6558,134949,0.019043
6559,134939,0.019041
6560,134930,0.019040
6561,134918,0.019038
6562,134909,0.019037
6563,134895,0.019035
6564,134888,0.019034
6565,134879,0.019033
6566,134869,0.019031
6567,134858,0.019030
6568,134845,0.019028
6569,134835,0.019027
6570,134829,0.019026
6571,134817,0.019024
6572,134792,0.019021
6573,134783,0.019019
6574,134768,0.019017
6575,134754,0.019015
6576,134743,0.019014
6577,134726,0.019011
6578,134722,0.019011
6579,134712,0.019009
6580,134706,0.019008
6581,134695,0.019007
6582,134684,0.019005
6583,134673,0.019004
6584,134662,0.019002
6585,134650,0.019001
6586,134638,0.018999
6587,134625,0.018997
6588,134616,0.018996
6589,134605,0.018994
6590,134596,0.018993
6591,134588,0.018992
6592,134580,0.018991
6593,134570,0.018989
6594,134563,0.018988
6595,134554,0.018987
6596,134545,0.018986
6597,134536,0.018985
6598,134528,0.018983
6599,134513,0.018981
6600,134505,0.018980
6601,134491,0.018978
6602,134484,0.018977
6603,134471,0.018975
6604,134454,0.018973
6605,134444,0.018972
6606,134432,0.018970
6607,134422,0.018968
6608,134410,0.018967
6609,134401,0.018965
6610,134388,0.018964
6611,134380,0.018962
6612,134366,0.018961
6613,134355,0.018959
6614,134340,0.018957
6615,134326,0.018955
6616,134315,0.018953
6617,134300,0.018951
6618,134290,0.018950
6619,134280,0.018948
6620,134263,0.018946
6621,134248,0.018944
6622,134232,0.018942
6623,134216,0.018939
6624,134208,0.018938
6625,134199,0.018937
6626,134190,0.018936
6627,134180,0.018934
6628,134170,0.018933
6629,134153,0.018930
6630,134144,0.018929
6631,134139,0.018928
6632,134130,0.018927
6633,134117,0.018925
6634,134108,0.018924
6635,134096,0.018922
6636,134086,0.018921
6637,134081,0.018920
6638,134065,0.018918
6639,134054,0.018916
6640,134045,0.018915
6641,134037,0.018914
6642,134029,0.018913
6643,134016,0.018911
6644,134008,0.018910
6645,133993,0.018908
6646,133987,0.018907
6647,133974,0.018905
6648,133960,0.018903
6649,133950,0.018902
6650,133936,0.018900
6651,133926,0.018898
6652,133908,0.018896
6653,133894,0.018894
6654,133885,0.018893
6655,133875,0.018891
6656,133869,0.018890
6657,133857,0.018889
6658,133847,0.018887
6659,133834,0.018885
6660,133822,0.018884
6661,133808,0.018882
6662,133797,0.018880
6663,133787,0.018879
6664,133776,0.018877
6665,133770,0.018876
6666,133763,0.018875
6667,133755,0.018874
6668,133746,0.018873
6669,133728,0.018870
6670,133719,0.018869
6671,133704,0.018867
6672,133696,0.018866
6673,133687,0.018865
6674,133677,0.018863
6675,133666,0.018862
6676,133650,0.018859
6677,133640,0.018858
6678,133630,0.018857
6679,133625,0.018856
6680,133611,0.018854
6681,133600,0.018852
6682,133594,0.018852
6683,133583,0.018850
6684,133572,0.018848
6685,133562,0.018847
6686,133550,0.018845
6687,133541,0.018844
6688,133528,0.018842
6689,133520,0.018841
6690,133511,0.018840
6691,133496,0.018838
6692,133488,0.018837
6693,133480,0.018835
6694,133475,0.018835
6695,133463,0.018833
6696,133451,0.018831
6697,133441,0.018830
6698,133429,0.018828
6699,133418,0.018827
6700,133408,0.018825
6701,133396,0.018824
6702,133391,0.018823
6703,133384,0.018822
6704,133377,0.018821
6705,133366,0.018819
6706,133353,0.018818
6707,133347,0.018817
6708,133333,0.018815
6709,133331,0.018814
6710,133323,0.018813
6711,133313,0.018812
6712,133304,0.018811
6713,133296,0.018810
6714,133285,0.018808
6715,133274,0.018806
6716,133263,0.018805
6717,133252,0.018803
6718,133242,0.018802
6719,133229,0.018800
6720,133219,0.018799
6721,133210,0.018797
6722,133201,0.018796
6723,133191,0.018795
6724,133181,0.018793
6725,133170,0.018792
6726,133166,0.018791
6727,133160,0.018790
6728,133148,0.018789
6729,133131,0.018786
6730,133118,0.018784
6731,133104,0.018782
6732,133100,0.018782
6733,133094,0.018781
6734,133081,0.018779
6735,133076,0.018778
6736,133067,0.018777
6737,133059,0.018776
6738,133054,0.018775
6739,133043,0.018774
6740,133030,0.018772
6741,133018,0.018770
6742,133007,0.018769
6743,132993,0.018767
6744,132983,0.018765
6745,132976,0.018764
6746,132968,0.018763
6747,132955,0.018761
6748,132942,0.018760
6749,132929,0.018758
6750,132927,0.018757
6751,132918,0.018756
6752,132906,0.018754
6753,132888,0.018752
6754,132881,0.018751
6755,132870,0.018749
6756,132858,0.018748
6757,132846,0.018746
6758,132836,0.018745
6759,132826,0.018743
6760,132818,0.018742
6761,132811,0.018741
6762,132798,0.018739
6763,132791,0.018738
6764,132782,0.018737
6765,132768,0.018735
6766,132755,0.018733
6767,132747,0.018732
6768,132734,0.018730
6769,132724,0.018729
6770,132709,0.018727
6771,132696,0.018725
6772,132686,0.018723
6773,132678,0.018722
6774,132670,0.018721
6775,132658,0.018719
6776,132644,0.018718
6777,132626,0.018715
6778,132620,0.018714
6779,132609,0.018713
6780,132604,0.018712
6781,132596,0.018711
6782,132584,0.018709
6783,132576,0.018708
6784,132569,0.018707
6785,132555,0.018705
6786,132546,0.018704
6787,132540,0.018703
6788,132530,0.018701
6789,132520,0.018700
6790,132510,0.018699
6791,132496,0.018697
6792,132489,0.018696
6793,132477,0.018694
6794,132464,0.018692
6795,132456,0.018691
6796,132445,0.018689
6797,132436,0.018688
6798,132426,0.018687
6799,132416,0.018685
6800,132403,0.018684
6801,132386,0.018681
6802,132373,0.018679
6803,132360,0.018677
6804,132347,0.018676
6805,132329,0.018673
6806,132314,0.018671
6807,132306,0.018670
6808,132296,0.018668
6809,132287,0.018667
6810,132276,0.018666
6811,132267,0.018664
6812,132251,0.018662
6813,132240,0.018661
6814,132229,0.018659
6815,132222,0.018658
6816,132213,0.018657
6817,132198,0.018655
6818,132191,0.018654
6819,132183,0.018652
6820,132177,0.018652
6821,132169,0.018650
6822,132162,0.018650
6823,132155,0.018649
6824,132141,0.018647
6825,132134,0.018646
6826,132121,0.018644
6827,132111,0.018642
6828,132098,0.018640
6829,132089,0.018639
6830,132080,0.018638
6831,132075,0.018637
6832,132063,0.018636
6833,132050,0.018634
6834,132042,0.018633
6835,132035,0.018632
6836,132022,0.018630
6837,132014,0.018629
6838,132006,0.018627
6839,131998,0.018626
6840,131989,0.018625
6841,131982,0.018624
6842,131979,0.018624
6843,131970,0.018622
6844,131961,0.018621
6845,131956,0.018620
6846,131948,0.018619
6847,131939,0.018618
6848,131923,0.018616
6849,131918,0.018615
6850,131904,0.018613
6851,131894,0.018612
6852,131889,0.018611
6853,131879,0.018610
6854,131873,0.018609
6855,131855,0.018606
6856,131847,0.018605
6857,131834,0.018603
6858,131822,0.018602
6859,131814,0.018600
6860,131808,0.018600
6861,131799,0.018598
6862,131793,0.018597
6863,131778,0.018595
6864,131776,0.018595
6865,131772,0.018594
6866,131765,0.018593
6867,131758,0.018592
6868,131745,0.018591
6869,131739,0.018590
6870,131728,0.018588
6871,131717,0.018587
6872,131709,0.018586
6873,131698,0.018584
6874,131692,0.018583
6875,131684,0.018582
6876,131674,0.018581
6877,131669,0.018580
6878,131659,0.018579
6879,131652,0.018578
6880,131640,0.018576
6881,131634,0.018575
6882,131627,0.018574
6883,131620,0.018573
6884,131609,0.018571
6885,131600,0.018570
6886,131593,0.018569
6887,131582,0.018568
6888,131567,0.018566
6889,131553,0.018564
6890,131543,0.018562
6891,131531,0.018560
6892,131517,0.018558
6893,131511,0.018558
6894,131495,0.018555
6895,131483,0.018554
6896,131475,0.018553
6897,131467,0.018551
6898,131460,0.018550
6899,131449,0.018549
6900,131441,0.018548
6901,131431,0.018546
6902,131421,0.018545
6903,131417,0.018544
6904,131405,0.018543
6905,131400,0.018542
6906,131388,0.018540
6907,131379,0.018539
6908,131374,0.018538
6909,131368,0.018537
6910,131358,0.018536
6911,131349,0.018535
6912,131339,0.018533
6913,131331,0.018532
6914,131323,0.018531
6915,131311,0.018529
6916,131307,0.018529
6917,131299,0.018528
6918,131291,0.018527
6919,131287,0.018526
6920,131276,0.018524
6921,131267,0.018523
6922,131251,0.018521
6923,131243,0.018520
6924,131234,0.018519
6925,131223,0.018517
6926,131206,0.018515
6927,131195,0.018513
6928,131181,0.018511
6929,131166,0.018509
6930,131156,0.018508
6931,131149,0.018507
6932,131138,0.018505
6933,131128,0.018504
6934,131117,0.018502
6935,131106,0.018500
6936,131095,0.018499
6937,131087,0.018498
6938,131082,0.018497
6939,131071,0.018496
6940,131064,0.018495
6941,131058,0.018494
6942,131047,0.018492
6943,131039,0.018491
6944,131030,0.018490
6945,131017,0.018488
6946,131005,0.018486
6947,130995,0.018485
6948,130988,0.018484
6949,130981,0.018483
6950,130971,0.018481
6951,130957,0.018479
6952,130948,0.018478
6953,130935,0.018476
6954,130919,0.018474
6955,130914,0.018473
6956,130901,0.018472
6957,130892,0.018470
6958,130875,0.018468
6959,130860,0.018466
6960,130846,0.018464
6961,130834,0.018462
6962,130820,0.018460
6963,130815,0.018459
6964,130805,0.018458
6965,130793,0.018456
6966,130783,0.018455
6967,130774,0.018454
6968,130759,0.018452
6969,130750,0.018450
6970,130735,0.018448
6971,130724,0.018447
6972,130715,0.018445
6973,130707,0.018444
6974,130699,0.018443
6975,130687,0.018441
6976,130680,0.018440
6977,130670,0.018439
6978,130654,0.018437
6979,130646,0.018436
6980,130630,0.018433
6981,130617,0.018431
6982,130606,0.018430
6983,130593,0.018428
6984,130580,0.018426
6985,130565,0.018424
6986,130556,0.018423
6987,130544,0.018421
6988,130535,0.018420
6989,130525,0.018419
6990,130522,0.018418
6991,130506,0.018416
6992,130496,0.018414
6993,130485,0.018413
6994,130481,0.018412
6995,130472,0.018411
6996,130466,0.018410
6997,130453,0.018408
6998,130443,0.018407
6999,130427,0.018405
7000,130422,0.018404
7001,130414,0.018403
7002,130397,0.018400
7003,130391,0.018400
7004,130380,0.018398
7005,130373,0.018397
7006,130358,0.018395
7007,130347,0.018393
7008,130335,0.018392
7009,130327,0.018391
7010,130316,0.018389
7011,130309,0.018388
7012,130296,0.018386
7013,130286,0.018385
7014,130280,0.018384
7015,130272,0.018383
7016,130259,0.018381
7017,130249,0.018380
7018,130238,0.018378
7019,130233,0.018377
7020,130225,0.018376
7021,130217,0.018375
7022,130207,0.018374
7023,130196,0.018372
7024,130182,0.018370
7025,130177,0.018369
7026,130166,0.018368
7027,130155,0.018366
7028,130148,0.018365
7029,130141,0.018364
7030,130125,0.018362
7031,130117,0.018361
7032,130102,0.018359
7033,130087,0.018357
7034,130083,0.018356
7035,130073,0.018355
7036,130066,0.018354
7037,130050,0.018351
7038,130043,0.018350
7039,130031,0.018349
7040,130025,0.018348
7041,130015,0.018347
7042,130006,0.018345
7043,129998,0.018344
7044,129988,0.018343
7045,129980,0.018342
7046,129968,0.018340
7047,129958,0.018338
7048,129945,0.018337
7049,129938,0.018336
7050,129928,0.018334
7051,129921,0.018333
7052,129912,0.018332
7053,129906,0.018331
7054,129897,0.018330
7055,129885,0.018328
7056,129867,0.018326
7057,129857,0.018324
7058,129849,0.018323
7059,129837,0.018321
7060,129829,0.018320
7061,129819,0.018319
7062,129811,0.018318
7063,129804,0.018317
7064,129788,0.018315
7065,129783,0.018314
7066,129764,0.018311
7067,129758,0.018310
7068,129751,0.018309
7069,129738,0.018307
7070,129732,0.018307
7071,129724,0.018305
7072,129715,0.018304
7073,129705,0.018303
7074,129699,0.018302
7075,129690,0.018301
7076,129679,0.018299
7077,129671,0.018298
7078,129659,0.018296
7079,129649,0.018295
7080,129642,0.018294
7081,129635,0.018293
7082,129629,0.018292
7083,129621,0.018291
7084,129606,0.018289
7085,129603,0.018288
7086,129586,0.018286
7087,129580,0.018285
7088,129568,0.018283
7089,129559,0.018282
7090,129553,0.018281
7091,129545,0.018280
7092,129536,0.018279
7093,129527,0.018278
7094,129518,0.018276
7095,129500,0.018274
7096,129486,0.018272
7097,129477,0.018271
7098,129464,0.018269
7099,129458,0.018268
7100,129451,0.018267
7101,129435,0.018265
7102,129419,0.018262
7103,129409,0.018261
7104,129393,0.018259
7105,129382,0.018257
7106,129369,0.018255
7107,129360,0.018254
7108,129352,0.018253
7109,129344,0.018252
7110,129334,0.018250
7111,129325,0.018249
7112,129320,0.018248
7113,129309,0.018247
7114,129292,0.018245
7115,129280,0.018243
7116,129274,0.018242
7117,129266,0.018241
7118,129260,0.018240
7119,129248,0.018238
7120,129241,0.018237
7121,129232,0.018236
7122,129228,0.018235
7123,129221,0.018234
7124,129209,0.018233
7125,129203,0.018232
7126,129196,0.018231
7127,129192,0.018230
7128,129182,0.018229
7129,129179,0.018229
7130,129167,0.018227
7131,129161,0.018226
7132,129154,0.018225
7133,129143,0.018223
7134,129135,0.018222
7135,129127,0.018221
7136,129119,0.018220
7137,129111,0.018219
7138,129104,0.018218
7139,129095,0.018217
7140,129089,0.018216
7141,129079,0.018214
7142,129070,0.018213
7143,129063,0.018212
7144,129053,0.018211
7145,129045,0.018210
7146,129033,0.018208
7147,129024,0.018207
7148,129014,0.018205
7149,129005,0.018204
7150,128994,0.018202
7151,128990,0.018202
7152,128985,0.018201
7153,128980,0.018200
7154,128969,0.018199
7155,128960,0.018198
7156,128951,0.018196
7157,128941,0.018195
7158,128936,0.018194
7159,128930,0.018193
7160,128921,0.018192
7161,128914,0.018191
7162,128907,0.018190
7163,128898,0.018189
7164,128892,0.018188
7165,128884,0.018187
7166,128877,0.018186
7167,128869,0.018185
7168,128858,0.018183
7169,128844,0.018181
7170,128840,0.018181
7171,128833,0.018180
7172,128828,0.018179
7173,128821,0.018178
7174,128816,0.018177
7175,128813,0.018177
7176,128804,0.018176
7177,128795,0.018174
7178,128790,0.018174
7179,128781,0.018172
7180,128770,0.018171
7181,128764,0.018170
7182,128761,0.018170
7183,128755,0.018169
7184,128747,0.018168
7185,128734,0.018166
7186,128724,0.018164
7187,128713,0.018163
7188,128699,0.018161
7189,128693,0.018160
7190,128685,0.018159
7191,128674,0.018157
7192,128667,0.018156
7193,128656,0.018155
7194,128644,0.018153
7195,128635,0.018152
7196,128622,0.018150
7197,128611,0.018148
7198,128602,0.018147
7199,128595,0.018146
7200,128586,0.018145
7201,128576,0.018143
7202,128567,0.018142
7203,128553,0.018140
7204,128544,0.018139
7205,128533,0.018137
7206,128519,0.018135
7207,128511,0.018134
7208,128508,0.018134
7209,128498,0.018132
7210,128489,0.018131
7211,128479,0.018130
7212,128474,0.018129
7213,128457,0.018127
7214,128449,0.018126
7215,128440,0.018124
7216,128430,0.018123
7217,128419,0.018121
7218,128411,0.018120
7219,128403,0.018119
7220,128392,0.018118
7221,128386,0.018117
7222,128379,0.018116
7223,128370,0.018114
7224,128363,0.018113
7225,128358,0.018113
7226,128352,0.018112
7227,128340,0.018110
7228,128335,0.018109
7229,128326,0.018108
7230,128317,0.018107
7231,128303,0.018105
7232,128299,0.018104
7233,128283,0.018102
7234,128275,0.018101
7235,128258,0.018099
7236,128248,0.018097
7237,128243,0.018096
7238,128234,0.018095
7239,128230,0.018095
7240,128220,0.018093
7241,128215,0.018093
7242,128210,0.018092
7243,128201,0.018091
7244,128191,0.018089
7245,128184,0.018088
7246,128176,0.018087
7247,128163,0.018085
7248,128154,0.018084
7249,128147,0.018083
7250,128141,0.018082
7251,128134,0.018081
7252,128124,0.018080
7253,128115,0.018078
7254,128108,0.018077
7255,128094,0.018075
7256,128084,0.018074
7257,128079,0.018073
7258,128073,0.018073
7259,128065,0.018071
7260,128061,0.018071
7261,128057,0.018070
7262,128053,0.018070
7263,128047,0.018069
7264,128043,0.018068
7265,128031,0.018067
7266,128024,0.018066
7267,128020,0.018065
7268,128012,0.018064
7269,128003,0.018063
7270,127995,0.018061
7271,127982,0.018060
7272,127975,0.018059
7273,127966,0.018057
7274,127960,0.018057
7275,127957,0.018056
7276,127951,0.018055
7277,127940,0.018054
7278,127930,0.018052
7279,127918,0.018051
7280,127899,0.018048
7281,127891,0.018047
7282,127880,0.018045
7283,127871,0.018044
7284,127864,0.018043
7285,127850,0.018041
7286,127842,0.018040
7287,127832,0.018038
7288,127825,0.018038
7289,127815,0.018036
7290,127805,0.018035
7291,127794,0.018033
7292,127786,0.018032
7293,127771,0.018030
7294,127764,0.018029
7295,127753,0.018027
7296,127744,0.018026
7297,127732,0.018024
7298,127724,0.018023
7299,127711,0.018021
7300,127704,0.018020
7301,127693,0.018019
7302,127681,0.018017
7303,127669,0.018015
7304,127664,0.018015
7305,127655,0.018014
7306,127646,0.018012
7307,127640,0.018011
7308,127633,0.018010
7309,127625,0.018009
7310,127615,0.018008
7311,127605,0.018006
7312,127592,0.018005
7313,127584,0.018004
7314,127575,0.018002
7315,127567,0.018001
7316,127557,0.018000
7317,127549,0.017999
7318,127543,0.017998
7319,127532,0.017996
7320,127518,0.017994
7321,127511,0.017993
7322,127497,0.017991
7323,127489,0.017990
7324,127480,0.017989
7325,127472,0.017988
7326,127466,0.017987
7327,127458,0.017986
7328,127450,0.017985
7329,127438,0.017983
7330,127435,0.017982
7331,127432,0.017982
7332,127423,0.017981
7333,127413,0.017979
7334,127401,0.017978
7335,127396,0.017977
7336,127384,0.017975
7337,127379,0.017975
7338,127370,0.017973
7339,127362,0.017972
7340,127355,0.017971
7341,127345,0.017970
7342,127339,0.017969
7343,127332,0.017968
7344,127327,0.017967
7345,127318,0.017966
7346,127309,0.017965
7347,127295,0.017963
7348,127287,0.017962
7349,127285,0.017961
7350,127277,0.017960
7351,127272,0.017959
7352,127261,0.017958
7353,127252,0.017957
7354,127243,0.017955
7355,127230,0.017954
7356,127227,0.017953
7357,127224,0.017953
7358,127209,0.017951
7359,127196,0.017949
7360,127190,0.017948
7361,127172,0.017945
7362,127165,0.017944
7363,127160,0.017944
7364,127151,0.017942
7365,127142,0.017941
7366,127130,0.017939
7367,127120,0.017938
7368,127108,0.017936
7369,127100,0.017935
7370,127091,0.017934
7371,127082,0.017933
7372,127071,0.017931
7373,127061,0.017930
7374,127054,0.017929
7375,127044,0.017927
7376,127038,0.017926
7377,127026,0.017925
7378,127021,0.017924
7379,127011,0.017923
7380,126997,0.017921
7381,126989,0.017920
7382,126980,0.017918
7383,126973,0.017917
7384,126962,0.017916
7385,126953,0.017914
7386,126941,0.017913
7387,126930,0.017911
7388,126920,0.017910
7389,126916,0.017909
7390,126904,0.017908
7391,126896,0.017906
7392,126883,0.017905
7393,126874,0.017903
7394,126864,0.017902
7395,126853,0.017900
7396,126847,0.017900
7397,126835,0.017898
7398,126822,0.017896
7399,126815,0.017895
7400,126807,0.017894
7401,126798,0.017893
7402,126790,0.017891
7403,126786,0.017891
7404,126774,0.017889
7405,126762,0.017888
7406,126755,0.017887
7407,126750,0.017886
7408,126747,0.017885
7409,126740,0.017884
7410,126730,0.017883
7411,126716,0.017881
7412,126710,0.017880
7413,126703,0.017879
7414,126693,0.017878
7415,126683,0.017876
7416,126678,0.017876
7417,126670,0.017875
7418,126661,0.017873
7419,126656,0.017873
7420,126648,0.017871
7421,126639,0.017870
7422,126631,0.017869
7423,126624,0.017868
7424,126620,0.017867
7425,126616,0.017867
7426,126607,0.017866
7427,126604,0.017865
7428,126597,0.017864
7429,126587,0.017863
7430,126574,0.017861
7431,126567,0.017860
7432,126558,0.017859
7433,126550,0.017858
7434,126543,0.017857
7435,126533,0.017855
7436,126528,0.017854
7437,126515,0.017853
7438,126510,0.017852
7439,126505,0.017851
7440,126495,0.017850
7441,126486,0.017849
7442,126480,0.017848
7443,126469,0.017846
7444,126461,0.017845
7445,126450,0.017843
7446,126440,0.017842
7447,126431,0.017841
7448,126425,0.017840
7449,126418,0.017839
7450,126410,0.017838
7451,126404,0.017837
7452,126394,0.017836
7453,126387,0.017835
7454,126376,0.017833
7455,126372,0.017832
7456,126365,0.017831
7457,126356,0.017830
7458,126351,0.017830
7459,126344,0.017829
7460,126335,0.017827
7461,126323,0.017826
7462,126312,0.017824
7463,126303,0.017823
7464,126289,0.017821
7465,126277,0.017819
7466,126269,0.017818
7467,126256,0.017816
7468,126250,0.017815
7469,126240,0.017814
7470,126234,0.017813
7471,126228,0.017812
7472,126218,0.017811
7473,126213,0.017810
7474,126209,0.017809
7475,126200,0.017808
7476,126193,0.017807
7477,126188,0.017807
7478,126174,0.017805
7479,126164,0.017803
7480,126157,0.017802
7481,126147,0.017801
7482,126136,0.017799
7483,126123,0.017797
7484,126111,0.017796
7485,126104,0.017795
7486,126096,0.017794
7487,126089,0.017793
7488,126083,0.017792
7489,126073,0.017790
7490,126066,0.017789
7491,126062,0.017789
7492,126053,0.017787
7493,126044,0.017786
7494,126037,0.017785
7495,126026,0.017784
7496,126018,0.017783
7497,126013,0.017782
7498,126004,0.017781
7499,125990,0.017779
7500,125976,0.017777
7501,125967,0.017775
7502,125951,0.017773
7503,125946,0.017772
7504,125941,0.017772
7505,125931,0.017770
7506,125923,0.017769
7507,125915,0.017768
7508,125911,0.017767
7509,125908,0.017767
7510,125892,0.017765
7511,125883,0.017763
7512,125875,0.017762
7513,125867,0.017761
7514,125855,0.017760
7515,125846,0.017758
7516,125836,0.017757
7517,125820,0.017755
7518,125815,0.017754
7519,125805,0.017752
7520,125798,0.017751
7521,125795,0.017751
7522,125784,0.017750
7523,125771,0.017748
7524,125764,0.017747
7525,125757,0.017746
7526,125754,0.017745
7527,125743,0.017744
7528,125729,0.017742
7529,125721,0.017741
7530,125714,0.017740
7531,125708,0.017739
7532,125702,0.017738
7533,125692,0.017737
7534,125687,0.017736
7535,125678,0.017735
7536,125672,0.017734
7537,125662,0.017732
7538,125658,0.017732
7539,125652,0.017731
7540,125650,0.017731
7541,125644,0.017730
7542,125635,0.017728
7543,125629,0.017728
7544,125621,0.017726
7545,125611,0.017725
7546,125607,0.017725
7547,125600,0.017724
7548,125591,0.017722
7549,125578,0.017720
7550,125566,0.017719
7551,125558,0.017718
7552,125547,0.017716
7553,125540,0.017715
7554,125534,0.017714
7555,125521,0.017712
7556,125511,0.017711
7557,125507,0.017710
7558,125498,0.017709
7559,125487,0.017708
7560,125481,0.017707
7561,125471,0.017705
7562,125455,0.017703
7563,125452,0.017703
7564,125443,0.017701
7565,125437,0.017701
7566,125430,0.017700
7567,125422,0.017698
7568,125417,0.017698
7569,125409,0.017697
7570,125406,0.017696
7571,125397,0.017695
7572,125392,0.017694
7573,125385,0.017693
7574,125380,0.017692
7575,125375,0.017692
7576,125361,0.017690
7577,125353,0.017689
7578,125349,0.017688
7579,125343,0.017687
7580,125336,0.017686
7581,125328,0.017685
7582,125323,0.017684
7583,125315,0.017683
7584,125308,0.017682
7585,125299,0.017681
7586,125289,0.017680
7587,125278,0.017678
7588,125270,0.017677
7589,125264,0.017676
7590,125259,0.017675
7591,125251,0.017674
7592,125237,0.017672
7593,125230,0.017671
7594,125223,0.017670
7595,125219,0.017670
7596,125208,0.017668
7597,125202,0.017667
7598,125198,0.017667
7599,125192,0.017666
7600,125185,0.017665
7601,125178,0.017664
7602,125167,0.017662
7603,125162,0.017662
7604,125153,0.017660
7605,125147,0.017660
7606,125143,0.017659
7607,125133,0.017658
7608,125127,0.017657
7609,125118,0.017656
7610,125107,0.017654
7611,125096,0.017652
7612,125086,0.017651
7613,125078,0.017650
7614,125071,0.017649
7615,125063,0.017648
7616,125054,0.017646
7617,125045,0.017645
7618,125039,0.017644
7619,125033,0.017644
7620,125029,0.017643
7621,125023,0.017642
7622,125016,0.017641
7623,125008,0.017640
7624,125004,0.017639
7625,124996,0.017638
7626,124981,0.017636
7627,124971,0.017635
7628,124960,0.017633
7629,124951,0.017632
7630,124941,0.017631
7631,124929,0.017629
7632,124925,0.017628
7633,124918,0.017627
7634,124912,0.017626
7635,124903,0.017625
7636,124891,0.017623
7637,124880,0.017622
7638,124871,0.017621
7639,124863,0.017620
7640,124855,0.017618
7641,124848,0.017617
7642,124840,0.017616
7643,124830,0.017615
7644,124821,0.017614
7645,124816,0.017613
7646,124805,0.017611
7647,124798,0.017610
7648,124790,0.017609
7649,124782,0.017608
7650,124775,0.017607
7651,124766,0.017606
7652,124760,0.017605
7653,124746,0.017603
7654,124735,0.017601
7655,124729,0.017601
7656,124723,0.017600
7657,124715,0.017599
7658,124703,0.017597
7659,124692,0.017595
7660,124683,0.017594
7661,124676,0.017593
7662,124668,0.017592
7663,124661,0.017591
7664,124656,0.017590
7665,124649,0.017589
7666,124644,0.017589
7667,124642,0.017588
7668,124634,0.017587
7669,124626,0.017586
7670,124618,0.017585
7671,124612,0.017584
7672,124602,0.017583
7673,124592,0.017581
7674,124578,0.017579
7675,124572,0.017578
7676,124566,0.017578
7677,124562,0.017577
7678,124557,0.017576
7679,124545,0.017575
7680,124540,0.017574
7681,124535,0.017573
7682,124531,0.017573
7683,124523,0.017572
7684,124516,0.017571
7685,124504,0.017569
7686,124500,0.017568
7687,124492,0.017567
7688,124485,0.017566
7689,124476,0.017565
7690,124472,0.017564
7691,124462,0.017563
7692,124451,0.017561
7693,124444,0.017560
7694,124434,0.017559
7695,124433,0.017559
7696,124427,0.017558
7697,124421,0.017557
7698,124407,0.017555
7699,124401,0.017554
7700,124392,0.017553
7701,124380,0.017551
7702,124371,0.017550
7703,124368,0.017550
7704,124354,0.017548
7705,124350,0.017547
7706,124345,0.017546
7707,124330,0.017544
7708,124318,0.017543
7709,124301,0.017540
7710,124292,0.017539
7711,124283,0.017538
7712,124274,0.017536
7713,124271,0.017536
7714,124263,0.017535
7715,124258,0.017534
7716,124250,0.017533
7717,124243,0.017532
7718,124238,0.017531
7719,124228,0.017530
7720,124218,0.017529
7721,124207,0.017527
7722,124198,0.017526
7723,124191,0.017525
7724,124179,0.017523
7725,124172,0.017522
7726,124167,0.017521
7727,124163,0.017521
7728,124155,0.017520
7729,124149,0.017519
7730,124142,0.017518
7731,124138,0.017517
7732,124131,0.017516
7733,124120,0.017515
7734,124112,0.017514
7735,124104,0.017512
7736,124094,0.017511
7737,124086,0.017510
7738,124077,0.017509
7739,124064,0.017507
7740,124059,0.017506
7741,124050,0.017505
7742,124045,0.017504
7743,124036,0.017503
7744,124030,0.017502
7745,124018,0.017500
7746,124009,0.017499
7747,123997,0.017497
7748,123991,0.017496
7749,123983,0.017495
7750,123973,0.017494
7751,123967,0.017493
7752,123958,0.017492
7753,123952,0.017491
7754,123940,0.017489
7755,123931,0.017488
7756,123928,0.017488
7757,123923,0.017487
7758,123916,0.017486
7759,123909,0.017485
7760,123899,0.017484
7761,123894,0.017483
7762,123884,0.017481
7763,123880,0.017481
7764,123865,0.017479
7765,123859,0.017478
7766,123853,0.017477
7767,123845,0.017476
7768,123840,0.017475
7769,123833,0.017474
7770,123826,0.017473
7771,123821,0.017472
7772,123814,0.017472
7773,123810,0.017471
7774,123802,0.017470
7775,123796,0.017469
7776,123786,0.017468
7777,123775,0.017466
7778,123763,0.017464
7779,123756,0.017463
7780,123750,0.017462
7781,123744,0.017462
7782,123734,0.017460
7783,123726,0.017459
7784,123718,0.017458
7785,123704,0.017456
7786,123689,0.017454
7787,123679,0.017452
7788,123673,0.017452
7789,123667,0.017451
7790,123657,0.017449
7791,123651,0.017449
7792,123645,0.017448
7793,123641,0.017447
7794,123633,0.017446
7795,123628,0.017445
7796,123619,0.017444
7797,123613,0.017443
7798,123606,0.017442
7799,123597,0.017441
7800,123586,0.017439
7801,123579,0.017438
7802,123571,0.017437
7803,123564,0.017436
7804,123559,0.017436
7805,123550,0.017434
7806,123539,0.017433
7807,123530,0.017431
7808,123524,0.017431
7809,123514,0.017429
7810,123511,0.017429
7811,123506,0.017428
7812,123497,0.017427
7813,123492,0.017426
7814,123484,0.017425
7815,123475,0.017424
7816,123470,0.017423
7817,123462,0.017422
7818,123451,0.017420
7819,123441,0.017419
7820,123435,0.017418
7821,123431,0.017417
7822,123426,0.017417
7823,123417,0.017415
7824,123407,0.017414
7825,123394,0.017412
7826,123382,0.017411
7827,123375,0.017410
7828,123369,0.017409
7829,123364,0.017408
7830,123353,0.017406
7831,123345,0.017405
7832,123337,0.017404
7833,123332,0.017403
7834,123323,0.017402
7835,123311,0.017401
7836,123302,0.017399
7837,123295,0.017398
7838,123286,0.017397
7839,123274,0.017395
7840,123264,0.017394
7841,123252,0.017392
7842,123245,0.017391
7843,123237,0.017390
7844,123231,0.017389
7845,123221,0.017388
7846,123213,0.017387
7847,123205,0.017386
7848,123198,0.017385
7849,123191,0.017384
7850,123186,0.017383
7851,123177,0.017382
7852,123164,0.017380
7853,123153,0.017378
7854,123142,0.017377
7855,123135,0.017376
7856,123123,0.017374
7857,123117,0.017373
7858,123106,0.017372
7859,123104,0.017371
7860,123100,0.017371
7861,123088,0.017369
7862,123077,0.017368
7863,123071,0.017367
7864,123066,0.017366
7865,123057,0.017365
7866,123050,0.017364
7867,123042,0.017363
7868,123038,0.017362
7869,123028,0.017361
7870,123017,0.017359
7871,123012,0.017358
7872,123003,0.017357
7873,122991,0.017355
7874,122987,0.017355
7875,122977,0.017353
7876,122969,0.017352
7877,122956,0.017350
7878,122945,0.017349
7879,122937,0.017348
7880,122926,0.017346
7881,122919,0.017345
7882,122908,0.017344
7883,122902,0.017343
7884,122892,0.017341
7885,122886,0.017341
7886,122874,0.017339
7887,122863,0.017337
7888,122854,0.017336
7889,122848,0.017335
7890,122839,0.017334
7891,122832,0.017333
7892,122826,0.017332
7893,122819,0.017331
7894,122810,0.017330
7895,122803,0.017329
7896,122796,0.017328
7897,122789,0.017327
7898,122785,0.017326
7899,122782,0.017326
7900,122780,0.017326
7901,122772,0.017324
7902,122765,0.017323
7903,122761,0.017323
7904,122759,0.017323
7905,122758,0.017322
7906,122751,0.017322
7907,122743,0.017320
7908,122735,0.017319
7909,122729,0.017318
7910,122723,0.017318
7911,122717,0.017317
7912,122710,0.017316
7913,122697,0.017314
7914,122687,0.017312
7915,122682,0.017312
7916,122677,0.017311
7917,122675,0.017311
7918,122670,0.017310
7919,122664,0.017309
7920,122657,0.017308
7921,122650,0.017307
7922,122642,0.017306
7923,122636,0.017305
7924,122630,0.017304
7925,122622,0.017303
7926,122616,0.017302
7927,122611,0.017302
7928,122607,0.017301
7929,122602,0.017300
7930,122592,0.017299
7931,122585,0.017298
7932,122582,0.017298
7933,122570,0.017296
7934,122564,0.017295
7935,122557,0.017294
7936,122556,0.017294
7937,122551,0.017293
7938,122544,0.017292
7939,122538,0.017291
7940,122528,0.017290
7941,122523,0.017289
7942,122514,0.017288
7943,122498,0.017286
7944,122490,0.017285
7945,122484,0.017284
7946,122477,0.017283
7947,122469,0.017282
7948,122461,0.017281
7949,122455,0.017280
7950,122449,0.017279
7951,122442,0.017278
7952,122433,0.017277
7953,122427,0.017276
7954,122424,0.017275
7955,122414,0.017274
7956,122410,0.017273
7957,122408,0.017273
7958,122396,0.017271
7959,122389,0.017270
7960,122383,0.017270
7961,122377,0.017269
7962,122367,0.017267
7963,122364,0.017267
7964,122353,0.017265
7965,122348,0.017265
7966,122344,0.017264
7967,122334,0.017263
7968,122322,0.017261
7969,122320,0.017261
7970,122317,0.017260
7971,122306,0.017259
7972,122299,0.017258
7973,122291,0.017257
7974,122286,0.017256
7975,122277,0.017255
7976,122268,0.017253
7977,122264,0.017253
7978,122253,0.017251
7979,122244,0.017250
7980,122235,0.017249
7981,122230,0.017248
7982,122224,0.017247
7983,122220,0.017247
7984,122215,0.017246
7985,122209,0.017245
7986,122199,0.017244
7987,122194,0.017243
7988,122184,0.017242
7989,122180,0.017241
7990,122168,0.017239
7991,122163,0.017239
7992,122156,0.017238
7993,122150,0.017237
7994,122140,0.017235
7995,122130,0.017234
7996,122117,0.017232
7997,122113,0.017231
7998,122107,0.017231
7999,122099,0.017230
8000,122093,0.017229
8001,122083,0.017227
8002,122081,0.017227
8003,122079,0.017227
8004,122069,0.017225
8005,122063,0.017224
8006,122055,0.017223
8007,122048,0.017222
8008,122037,0.017221
8009,122031,0.017220
8010,122024,0.017219
8011,122014,0.017218
8012,122010,0.017217
8013,122005,0.017216
8014,121993,0.017215
8015,121988,0.017214
8016,121978,0.017212
8017,121972,0.017212
8018,121969,0.017211
8019,121962,0.017210
8020,121956,0.017209
8021,121946,0.017208
8022,121942,0.017207
8023,121934,0.017206
8024,121925,0.017205
8025,121923,0.017205
8026,121920,0.017204
8027,121911,0.017203
8028,121905,0.017202
8029,121895,0.017201
8030,121881,0.017199
8031,121867,0.017197
8032,121855,0.017195
8033,121849,0.017194
8034,121843,0.017193
8035,121837,0.017193
8036,121831,0.017192
8037,121827,0.017191
8038,121817,0.017190
8039,121808,0.017188
8040,121801,0.017187
8041,121796,0.017187
8042,121793,0.017186
8043,121788,0.017186
8044,121779,0.017184
8045,121774,0.017184
8046,121768,0.017183
8047,121759,0.017182
8048,121751,0.017180
8049,121746,0.017180
8050,121739,0.017179
8051,121728,0.017177
8052,121724,0.017177
8053,121719,0.017176
8054,121714,0.017175
8055,121709,0.017174
8056,121705,0.017174
8057,121698,0.017173
8058,121690,0.017172
8059,121683,0.017171
8060,121676,0.017170
8061,121667,0.017169
8062,121657,0.017167
8063,121649,0.017166
8064,121637,0.017164
8065,121630,0.017163
8066,121622,0.017162
8067,121613,0.017161
8068,121608,0.017160
8069,121601,0.017159
8070,121590,0.017158
8071,121580,0.017156
8072,121570,0.017155
8073,121556,0.017153
8074,121552,0.017152
8075,121542,0.017151
8076,121539,0.017150
8077,121528,0.017149
8078,121520,0.017148
8079,121510,0.017146
8080,121500,0.017145
8081,121494,0.017144
8082,121491,0.017144
8083,121488,0.017143
8084,121479,0.017142
8085,121473,0.017141
8086,121461,0.017139
8087,121455,0.017139
8088,121442,0.017137
8089,121431,0.017135
8090,121426,0.017135
8091,121411,0.017132
8092,121398,0.017131
8093,121389,0.017129
8094,121379,0.017128
8095,121373,0.017127
8096,121368,0.017126
8097,121356,0.017125
8098,121353,0.017124
8099,121344,0.017123
8100,121335,0.017122
8101,121331,0.017121
8102,121324,0.017120
8103,121317,0.017119
8104,121310,0.017118
8105,121302,0.017117
8106,121296,0.017116
8107,121289,0.017115
8108,121286,0.017115
8109,121278,0.017114
8110,121268,0.017112
8111,121264,0.017112
8112,121256,0.017111
8113,121250,0.017110
8114,121241,0.017108
8115,121238,0.017108
8116,121231,0.017107
8117,121225,0.017106
8118,121216,0.017105
8119,121210,0.017104
8120,121205,0.017103
8121,121200,0.017103
8122,121191,0.017101
8123,121186,0.017101
8124,121176,0.017099
8125,121169,0.017098
8126,121165,0.017098
8127,121158,0.017097
8128,121153,0.017096
8129,121150,0.017096
8130,121139,0.017094
8131,121134,0.017093
8132,121130,0.017093
8133,121127,0.017092
8134,121115,0.017091
8135,121110,0.017090
8136,121102,0.017089
8137,121096,0.017088
8138,121089,0.017087
8139,121076,0.017085
8140,121059,0.017083
8141,121051,0.017082
8142,121045,0.017081
8143,121038,0.017080
8144,121029,0.017079
8145,121018,0.017077
8146,121010,0.017076
8147,121001,0.017075
8148,120994,0.017074
8149,120986,0.017072
8150,120980,0.017072
8151,120975,0.017071
8152,120970,0.017070
8153,120963,0.017069
8154,120956,0.017068
8155,120946,0.017067
8156,120938,0.017066
8157,120933,0.017065
8158,120928,0.017064
8159,120921,0.017063
8160,120911,0.017062
8161,120900,0.017060
8162,120897,0.017060
8163,120890,0.017059
8164,120881,0.017058
8165,120875,0.017057
8166,120867,0.017056
8167,120859,0.017055
8168,120851,0.017053
8169,120846,0.017053
8170,120843,0.017052
8171,120837,0.017051
8172,120831,0.017051
8173,120820,0.017049
8174,120813,0.017048
8175,120803,0.017047
8176,120799,0.017046
8177,120792,0.017045
8178,120786,0.017044
8179,120774,0.017043
8180,120770,0.017042
8181,120762,0.017041
8182,120759,0.017040
8183,120753,0.017040
8184,120750,0.017039
8185,120744,0.017038
8186,120739,0.017038
8187,120730,0.017036
8188,120724,0.017035
8189,120721,0.017035
8190,120716,0.017034
8191,120716,0.017034
8192,0,0.000000
